codigo_municipio,municipio,mes_referencia,internacoes
350010,ADAMANTINA,2025-01-01,414
350030,AGUAI,2025-01-01,55
350050,AGUAS DE LINDOIA,2025-01-01,106
350070,AGUDOS,2025-01-01,92
350100,ALTINOPOLIS,2025-01-01,170
350110,ALTO ALEGRE,2025-01-01,9
350130,ALVARES MACHADO,2025-01-01,61
350160,AMERICANA,2025-01-01,699
350170,AMERICO BRASILIENSE,2025-01-01,524
350190,AMPARO,2025-01-01,487
350210,ANDRADINA,2025-01-01,312
350220,ANGATUBA,2025-01-01,124
350250,APARECIDA,2025-01-01,302
350260,APARECIDA D'OESTE,2025-01-01,22
350270,APIAI,2025-01-01,239
350280,ARACATUBA,2025-01-01,1752
350310,ARANDU,2025-01-01,10
350320,ARARAQUARA,2025-01-01,1866
350330,ARARAS,2025-01-01,452
350340,AREALVA,2025-01-01,16
350390,ARUJA,2025-01-01,181
350400,ASSIS,2025-01-01,742
350410,ATIBAIA,2025-01-01,301
350420,AURIFLAMA,2025-01-01,240
350450,AVARE,2025-01-01,620
350520,BARIRI,2025-01-01,131
350530,BARRA BONITA,2025-01-01,181
350550,BARRETOS,2025-01-01,2760
350570,BARUERI,2025-01-01,2563
350580,BASTOS,2025-01-01,115
350590,BATATAIS,2025-01-01,329
350600,BAURU,2025-01-01,3209
350610,BEBEDOURO,2025-01-01,703
350630,BERNARDINO DE CAMPOS,2025-01-01,61
350635,BERTIOGA,2025-01-01,278
350640,BILAC,2025-01-01,36
350650,BIRIGUI,2025-01-01,374
350670,BOA ESPERANCA DO SUL,2025-01-01,4
350680,BOCAINA,2025-01-01,12
350700,BOITUVA,2025-01-01,157
350710,BOM JESUS DOS PERDOES,2025-01-01,13
350740,BORBOREMA,2025-01-01,60
350750,BOTUCATU,2025-01-01,2360
350760,BRAGANCA PAULISTA,2025-01-01,1587
350790,BROTAS,2025-01-01,47
350810,BURITAMA,2025-01-01,69
350840,CABREUVA,2025-01-01,67
350850,CACAPAVA,2025-01-01,299
350870,CACONDE,2025-01-01,87
350880,CAFELANDIA,2025-01-01,99
350900,CAIEIRAS,2025-01-01,264
350920,CAJAMAR,2025-01-01,230
350930,CAJOBI,2025-01-01,35
350940,CAJURU,2025-01-01,310
350950,CAMPINAS,2025-01-01,7606
350960,CAMPO LIMPO PAULISTA,2025-01-01,368
350970,CAMPOS DO JORDAO,2025-01-01,227
351000,CANDIDO MOTA,2025-01-01,159
351020,CAPAO BONITO,2025-01-01,186
351040,CAPIVARI,2025-01-01,221
351050,CARAGUATATUBA,2025-01-01,1841
351060,CARAPICUIBA,2025-01-01,1518
351070,CARDOSO,2025-01-01,29
351080,CASA BRANCA,2025-01-01,163
351100,CASTILHO,2025-01-01,108
351110,CATANDUVA,2025-01-01,1277
351140,CERQUEIRA CESAR,2025-01-01,124
351150,CERQUILHO,2025-01-01,50
351160,CESARIO LANGE,2025-01-01,28
351170,CHARQUEADA,2025-01-01,22
351190,CLEMENTINA,2025-01-01,27
351200,COLINA,2025-01-01,76
351210,COLOMBIA,2025-01-01,4
351220,CONCHAL,2025-01-01,130
351230,CONCHAS,2025-01-01,43
351280,COSMOPOLIS,2025-01-01,144
351300,COTIA,2025-01-01,1135
351310,CRAVINHOS,2025-01-01,32
351340,CRUZEIRO,2025-01-01,425
351350,CUBATAO,2025-01-01,520
351360,CUNHA,2025-01-01,112
351370,DESCALVADO,2025-01-01,142
351380,DIADEMA,2025-01-01,1746
351390,DIVINOLANDIA,2025-01-01,384
351410,DOIS CORREGOS,2025-01-01,61
351440,DRACENA,2025-01-01,316
351450,DUARTINA,2025-01-01,271
351500,EMBU DAS ARTES,2025-01-01,239
351510,EMBU-GUACU,2025-01-01,92
351518,ESPIRITO SANTO DO PINHAL,2025-01-01,333
351520,ESTRELA D'OESTE,2025-01-01,97
351540,FARTURA,2025-01-01,62
351550,FERNANDOPOLIS,2025-01-01,536
351570,FERRAZ DE VASCONCELOS,2025-01-01,640
351600,FLORIDA PAULISTA,2025-01-01,97
351620,FRANCA,2025-01-01,1964
351630,FRANCISCO MORATO,2025-01-01,976
351640,FRANCO DA ROCHA,2025-01-01,638
351660,GALIA,2025-01-01,3
351670,GARCA,2025-01-01,253
351690,GENERAL SALGADO,2025-01-01,64
351700,GETULINA,2025-01-01,23
351740,GUAIRA,2025-01-01,191
351760,GUAPIARA,2025-01-01,20
351770,GUARA,2025-01-01,71
351780,GUARACAI,2025-01-01,66
351820,GUARARAPES,2025-01-01,133
351830,GUARAREMA,2025-01-01,86
351840,GUARATINGUETA,2025-01-01,497
351860,GUARIBA,2025-01-01,96
351870,GUARUJA,2025-01-01,1295
351880,GUARULHOS,2025-01-01,4501
351900,HERCULANDIA,2025-01-01,64
351907,HORTOLANDIA,2025-01-01,576
351910,IACANGA,2025-01-01,19
351930,IBATE,2025-01-01,88
351940,IBIRA,2025-01-01,100
351960,IBITINGA,2025-01-01,226
351970,IBIUNA,2025-01-01,320
351990,IEPE,2025-01-01,62
352010,IGARAPAVA,2025-01-01,97
352040,ILHABELA,2025-01-01,326
352044,ILHA SOLTEIRA,2025-01-01,184
352050,INDAIATUBA,2025-01-01,1987
352070,INDIAPORA,2025-01-01,41
352090,IPAUSSU,2025-01-01,50
352130,IPUA,2025-01-01,57
352170,ITABERA,2025-01-01,69
352180,ITAI,2025-01-01,22
352190,ITAJOBI,2025-01-01,64
352210,ITANHAEM,2025-01-01,1102
352220,ITAPECERICA DA SERRA,2025-01-01,1375
352230,ITAPETININGA,2025-01-01,830
352240,ITAPEVA,2025-01-01,719
352250,ITAPEVI,2025-01-01,1327
352260,ITAPIRA,2025-01-01,578
352270,ITAPOLIS,2025-01-01,215
352280,ITAPORANGA,2025-01-01,90
352290,ITAPUI,2025-01-01,11
352310,ITAQUAQUECETUBA,2025-01-01,1233
352320,ITARARE,2025-01-01,287
352340,ITATIBA,2025-01-01,504
352350,ITATINGA,2025-01-01,27
352360,ITIRAPINA,2025-01-01,12
352390,ITU,2025-01-01,742
352400,ITUPEVA,2025-01-01,153
352410,ITUVERAVA,2025-01-01,294
352420,JABORANDI,2025-01-01,1
352430,JABOTICABAL,2025-01-01,193
352440,JACAREI,2025-01-01,1074
352450,JACI,2025-01-01,63
352470,JAGUARIUNA,2025-01-01,230
352480,JALES,2025-01-01,762
352520,JARINU,2025-01-01,54
352530,JAU,2025-01-01,2253
352550,JOANOPOLIS,2025-01-01,19
352570,JOSE BONIFACIO,2025-01-01,194
352590,JUNDIAI,2025-01-01,3552
352600,JUNQUEIROPOLIS,2025-01-01,80
352640,LARANJAL PAULISTA,2025-01-01,127
352670,LEME,2025-01-01,471
352680,LENCOIS PAULISTA,2025-01-01,225
352690,LIMEIRA,2025-01-01,1238
352710,LINS,2025-01-01,554
352720,LORENA,2025-01-01,414
352730,LOUVEIRA,2025-01-01,218
352740,LUCELIA,2025-01-01,50
352800,MACATUBA,2025-01-01,54
352810,MACAUBAL,2025-01-01,12
352850,MAIRIPORA,2025-01-01,235
352880,MARACAI,2025-01-01,63
352900,MARILIA,2025-01-01,2242
352920,MARTINOPOLIS,2025-01-01,239
352930,MATAO,2025-01-01,723
352940,MAUA,2025-01-01,1302
352970,MIGUELOPOLIS,2025-01-01,76
353010,MIRANDOPOLIS,2025-01-01,253
353030,MIRASSOL,2025-01-01,211
353050,MOCOCA,2025-01-01,390
353060,MOGI DAS CRUZES,2025-01-01,3008
353070,MOGI GUACU,2025-01-01,942
353080,MOGI MIRIM,2025-01-01,399
353110,MONGAGUA,2025-01-01,152
353130,MONTE ALTO,2025-01-01,170
353140,MONTE APRAZIVEL,2025-01-01,329
353150,MONTE AZUL PAULISTA,2025-01-01,103
353180,MONTE MOR,2025-01-01,88
353190,MORRO AGUDO,2025-01-01,136
353200,MORUNGABA,2025-01-01,15
353240,NAZARE PAULISTA,2025-01-01,36
353250,NEVES PAULISTA,2025-01-01,7
353260,NHANDEARA,2025-01-01,202
353290,NOVA EUROPA,2025-01-01,29
353300,NOVA GRANADA,2025-01-01,164
353340,NOVA ODESSA,2025-01-01,76
353350,NOVO HORIZONTE,2025-01-01,219
353390,OLIMPIA,2025-01-01,407
353430,ORLANDIA,2025-01-01,176
353440,OSASCO,2025-01-01,2325
353460,OSVALDO CRUZ,2025-01-01,226
353470,OURINHOS,2025-01-01,913
353475,OUROESTE,2025-01-01,74
353520,PALMEIRA D'OESTE,2025-01-01,88
353530,PALMITAL,2025-01-01,117
353550,PARAGUACU PAULISTA,2025-01-01,533
353580,PARANAPANEMA,2025-01-01,58
353600,PARAPUA,2025-01-01,0
353620,PARIQUERA-ACU,2025-01-01,891
353630,PATROCINIO PAULISTA,2025-01-01,62
353650,PAULINIA,2025-01-01,753
353660,PAULO DE FARIA,2025-01-01,9
353670,PEDERNEIRAS,2025-01-01,151
353700,PEDREGULHO,2025-01-01,102
353710,PEDREIRA,2025-01-01,68
353730,PENAPOLIS,2025-01-01,409
353740,PEREIRA BARRETO,2025-01-01,87
353780,PIEDADE,2025-01-01,226
353790,PILAR DO SUL,2025-01-01,94
353800,PINDAMONHANGABA,2025-01-01,671
353860,PIRACAIA,2025-01-01,43
353870,PIRACICABA,2025-01-01,2939
353880,PIRAJU,2025-01-01,227
353890,PIRAJUI,2025-01-01,120
353900,PIRANGI,2025-01-01,86
353930,PIRASSUNUNGA,2025-01-01,182
353940,PIRATININGA,2025-01-01,42
353950,PITANGUEIRAS,2025-01-01,161
354000,POMPEIA,2025-01-01,45
354020,PONTAL,2025-01-01,169
354040,POPULINA,2025-01-01,22
354060,PORTO FELIZ,2025-01-01,244
354070,PORTO FERREIRA,2025-01-01,234
354080,POTIRENDABA,2025-01-01,122
354100,PRAIA GRANDE,2025-01-01,755
354120,PRESIDENTE BERNARDES,2025-01-01,106
354130,PRESIDENTE EPITACIO,2025-01-01,258
354140,PRESIDENTE PRUDENTE,2025-01-01,3400
354150,PRESIDENTE VENCESLAU,2025-01-01,229
354160,PROMISSAO,2025-01-01,273
354190,QUELUZ,2025-01-01,16
354220,RANCHARIA,2025-01-01,312
354240,REGENTE FEIJO,2025-01-01,66
354260,REGISTRO,2025-01-01,722
354290,RIBEIRAO BONITO,2025-01-01,14
354300,RIBEIRAO BRANCO,2025-01-01,35
354330,RIBEIRAO PIRES,2025-01-01,140
354340,RIBEIRAO PRETO,2025-01-01,7204
354380,RINOPOLIS,2025-01-01,17
354390,RIO CLARO,2025-01-01,765
354400,RIO DAS PEDRAS,2025-01-01,65
354420,RIOLANDIA,2025-01-01,6
354425,ROSANA,2025-01-01,233
354490,SALES OLIVEIRA,2025-01-01,31
354500,SALESOPOLIS,2025-01-01,29
354520,SALTO,2025-01-01,418
354530,SALTO DE PIRAPORA,2025-01-01,246
354540,SALTO GRANDE,2025-01-01,51
354560,SANTA ADELIA,2025-01-01,83
354580,SANTA BARBARA D'OESTE,2025-01-01,778
354630,SANTA CRUZ DAS PALMEIRAS,2025-01-01,86
354640,SANTA CRUZ DO RIO PARDO,2025-01-01,277
354660,SANTA FE DO SUL,2025-01-01,329
354680,SANTA ISABEL,2025-01-01,154
354730,SANTANA DE PARNAIBA,2025-01-01,286
354750,SANTA RITA DO PASSA QUATRO,2025-01-01,151
354760,SANTA ROSA DE VITERBO,2025-01-01,86
354770,SANTO ANASTACIO,2025-01-01,184
354780,SANTO ANDRE,2025-01-01,4000
354790,SANTO ANTONIO DA ALEGRIA,2025-01-01,7
354850,SANTOS,2025-01-01,2647
354860,SAO BENTO DO SAPUCAI,2025-01-01,35
354870,SAO BERNARDO DO CAMPO,2025-01-01,3301
354880,SAO CAETANO DO SUL,2025-01-01,977
354890,SAO CARLOS,2025-01-01,1582
354910,SAO JOAO DA BOA VISTA,2025-01-01,562
354940,SAO JOAQUIM DA BARRA,2025-01-01,249
354970,SAO JOSE DO RIO PARDO,2025-01-01,373
354980,SAO JOSE DO RIO PRETO,2025-01-01,8204
354990,SAO JOSE DOS CAMPOS,2025-01-01,4924
355000,SAO LUIS DO PARAITINGA,2025-01-01,8
355010,SAO MANUEL,2025-01-01,185
355020,SAO MIGUEL ARCANJO,2025-01-01,97
355030,SAO PAULO,2025-01-01,60597
355040,SAO PEDRO,2025-01-01,268
355060,SAO ROQUE,2025-01-01,368
355070,SAO SEBASTIAO,2025-01-01,417
355080,SAO SEBASTIAO DA GRAMA,2025-01-01,37
355090,SAO SIMAO,2025-01-01,34
355100,SAO VICENTE,2025-01-01,952
355150,SERRANA,2025-01-01,348
355160,SERRA NEGRA,2025-01-01,142
355170,SERTAOZINHO,2025-01-01,603
355200,SILVEIRAS,2025-01-01,1
355210,SOCORRO,2025-01-01,257
355220,SOROCABA,2025-01-01,4780
355230,SUD MENNUCCI,2025-01-01,35
355240,SUMARE,2025-01-01,1063
355250,SUZANO,2025-01-01,712
355260,TABAPUA,2025-01-01,52
355270,TABATINGA,2025-01-01,66
355280,TABOAO DA SERRA,2025-01-01,1536
355300,TAGUAI,2025-01-01,49
355330,TAMBAU,2025-01-01,71
355340,TANABI,2025-01-01,136
355360,TAPIRATIBA,2025-01-01,23
355370,TAQUARITINGA,2025-01-01,333
355380,TAQUARITUBA,2025-01-01,167
355400,TATUI,2025-01-01,409
355410,TAUBATE,2025-01-01,1904
355430,TEODORO SAMPAIO,2025-01-01,65
355440,TERRA ROXA,2025-01-01,4
355450,TIETE,2025-01-01,200
355470,TORRINHA,2025-01-01,12
355500,TUPA,2025-01-01,676
355510,TUPI PAULISTA,2025-01-01,88
355540,UBATUBA,2025-01-01,423
355580,URANIA,2025-01-01,33
355600,URUPES,2025-01-01,61
355620,VALINHOS,2025-01-01,336
355630,VALPARAISO,2025-01-01,65
355640,VARGEM GRANDE DO SUL,2025-01-01,135
355650,VARZEA PAULISTA,2025-01-01,74
355670,VINHEDO,2025-01-01,482
355680,VIRADOURO,2025-01-01,0
355700,VOTORANTIM,2025-01-01,298
355710,VOTUPORANGA,2025-01-01,1027
355720,CHAVANTES,2025-01-01,78
350010,ADAMANTINA,2025-02-01,403
350030,AGUAI,2025-02-01,40
350050,AGUAS DE LINDOIA,2025-02-01,93
350070,AGUDOS,2025-02-01,112
350100,ALTINOPOLIS,2025-02-01,146
350110,ALTO ALEGRE,2025-02-01,7
350130,ALVARES MACHADO,2025-02-01,64
350160,AMERICANA,2025-02-01,822
350170,AMERICO BRASILIENSE,2025-02-01,556
350190,AMPARO,2025-02-01,489
350210,ANDRADINA,2025-02-01,256
350220,ANGATUBA,2025-02-01,138
350250,APARECIDA,2025-02-01,362
350260,APARECIDA D'OESTE,2025-02-01,9
350270,APIAI,2025-02-01,226
350280,ARACATUBA,2025-02-01,1222
350310,ARANDU,2025-02-01,3
350320,ARARAQUARA,2025-02-01,1589
350330,ARARAS,2025-02-01,524
350340,AREALVA,2025-02-01,18
350390,ARUJA,2025-02-01,121
350400,ASSIS,2025-02-01,788
350410,ATIBAIA,2025-02-01,352
350420,AURIFLAMA,2025-02-01,263
350450,AVARE,2025-02-01,618
350520,BARIRI,2025-02-01,144
350530,BARRA BONITA,2025-02-01,157
350550,BARRETOS,2025-02-01,2511
350570,BARUERI,2025-02-01,2552
350580,BASTOS,2025-02-01,99
350590,BATATAIS,2025-02-01,340
350600,BAURU,2025-02-01,3251
350610,BEBEDOURO,2025-02-01,707
350630,BERNARDINO DE CAMPOS,2025-02-01,66
350635,BERTIOGA,2025-02-01,255
350640,BILAC,2025-02-01,27
350650,BIRIGUI,2025-02-01,352
350670,BOA ESPERANCA DO SUL,2025-02-01,1
350680,BOCAINA,2025-02-01,13
350700,BOITUVA,2025-02-01,187
350710,BOM JESUS DOS PERDOES,2025-02-01,14
350740,BORBOREMA,2025-02-01,68
350750,BOTUCATU,2025-02-01,2300
350760,BRAGANCA PAULISTA,2025-02-01,1515
350790,BROTAS,2025-02-01,62
350810,BURITAMA,2025-02-01,100
350840,CABREUVA,2025-02-01,64
350850,CACAPAVA,2025-02-01,142
350870,CACONDE,2025-02-01,101
350880,CAFELANDIA,2025-02-01,98
350900,CAIEIRAS,2025-02-01,435
350920,CAJAMAR,2025-02-01,297
350930,CAJOBI,2025-02-01,54
350940,CAJURU,2025-02-01,330
350950,CAMPINAS,2025-02-01,7392
350960,CAMPO LIMPO PAULISTA,2025-02-01,355
350970,CAMPOS DO JORDAO,2025-02-01,238
351000,CANDIDO MOTA,2025-02-01,198
351020,CAPAO BONITO,2025-02-01,197
351040,CAPIVARI,2025-02-01,151
351050,CARAGUATATUBA,2025-02-01,1777
351060,CARAPICUIBA,2025-02-01,1566
351070,CARDOSO,2025-02-01,58
351080,CASA BRANCA,2025-02-01,128
351100,CASTILHO,2025-02-01,104
351110,CATANDUVA,2025-02-01,1532
351140,CERQUEIRA CESAR,2025-02-01,131
351150,CERQUILHO,2025-02-01,50
351160,CESARIO LANGE,2025-02-01,48
351170,CHARQUEADA,2025-02-01,20
351190,CLEMENTINA,2025-02-01,31
351200,COLINA,2025-02-01,89
351210,COLOMBIA,2025-02-01,2
351220,CONCHAL,2025-02-01,155
351230,CONCHAS,2025-02-01,54
351280,COSMOPOLIS,2025-02-01,125
351300,COTIA,2025-02-01,1090
351310,CRAVINHOS,2025-02-01,27
351340,CRUZEIRO,2025-02-01,457
351350,CUBATAO,2025-02-01,459
351360,CUNHA,2025-02-01,123
351370,DESCALVADO,2025-02-01,166
351380,DIADEMA,2025-02-01,1874
351390,DIVINOLANDIA,2025-02-01,368
351410,DOIS CORREGOS,2025-02-01,75
351440,DRACENA,2025-02-01,240
351450,DUARTINA,2025-02-01,116
351500,EMBU DAS ARTES,2025-02-01,216
351510,EMBU-GUACU,2025-02-01,96
351518,ESPIRITO SANTO DO PINHAL,2025-02-01,326
351520,ESTRELA D'OESTE,2025-02-01,75
351540,FARTURA,2025-02-01,62
351550,FERNANDOPOLIS,2025-02-01,502
351570,FERRAZ DE VASCONCELOS,2025-02-01,562
351600,FLORIDA PAULISTA,2025-02-01,79
351620,FRANCA,2025-02-01,1871
351630,FRANCISCO MORATO,2025-02-01,1032
351640,FRANCO DA ROCHA,2025-02-01,661
351660,GALIA,2025-02-01,8
351670,GARCA,2025-02-01,273
351690,GENERAL SALGADO,2025-02-01,58
351700,GETULINA,2025-02-01,29
351740,GUAIRA,2025-02-01,262
351760,GUAPIARA,2025-02-01,21
351770,GUARA,2025-02-01,74
351780,GUARACAI,2025-02-01,56
351820,GUARARAPES,2025-02-01,147
351830,GUARAREMA,2025-02-01,80
351840,GUARATINGUETA,2025-02-01,467
351860,GUARIBA,2025-02-01,118
351870,GUARUJA,2025-02-01,1107
351880,GUARULHOS,2025-02-01,4266
351900,HERCULANDIA,2025-02-01,67
351907,HORTOLANDIA,2025-02-01,515
351910,IACANGA,2025-02-01,58
351930,IBATE,2025-02-01,79
351940,IBIRA,2025-02-01,33
351960,IBITINGA,2025-02-01,320
351970,IBIUNA,2025-02-01,323
351990,IEPE,2025-02-01,47
352010,IGARAPAVA,2025-02-01,98
352040,ILHABELA,2025-02-01,254
352044,ILHA SOLTEIRA,2025-02-01,206
352050,INDAIATUBA,2025-02-01,1743
352070,INDIAPORA,2025-02-01,19
352090,IPAUSSU,2025-02-01,47
352130,IPUA,2025-02-01,84
352170,ITABERA,2025-02-01,84
352180,ITAI,2025-02-01,79
352190,ITAJOBI,2025-02-01,73
352210,ITANHAEM,2025-02-01,974
352220,ITAPECERICA DA SERRA,2025-02-01,1274
352230,ITAPETININGA,2025-02-01,780
352240,ITAPEVA,2025-02-01,754
352250,ITAPEVI,2025-02-01,1194
352260,ITAPIRA,2025-02-01,566
352270,ITAPOLIS,2025-02-01,273
352280,ITAPORANGA,2025-02-01,103
352290,ITAPUI,2025-02-01,14
352310,ITAQUAQUECETUBA,2025-02-01,1133
352320,ITARARE,2025-02-01,314
352340,ITATIBA,2025-02-01,418
352350,ITATINGA,2025-02-01,27
352360,ITIRAPINA,2025-02-01,10
352390,ITU,2025-02-01,733
352400,ITUPEVA,2025-02-01,191
352410,ITUVERAVA,2025-02-01,282
352420,JABORANDI,2025-02-01,6
352430,JABOTICABAL,2025-02-01,185
352440,JACAREI,2025-02-01,1055
352450,JACI,2025-02-01,80
352470,JAGUARIUNA,2025-02-01,273
352480,JALES,2025-02-01,678
352520,JARINU,2025-02-01,57
352530,JAU,2025-02-01,2094
352550,JOANOPOLIS,2025-02-01,20
352570,JOSE BONIFACIO,2025-02-01,252
352590,JUNDIAI,2025-02-01,3617
352600,JUNQUEIROPOLIS,2025-02-01,93
352640,LARANJAL PAULISTA,2025-02-01,141
352670,LEME,2025-02-01,424
352680,LENCOIS PAULISTA,2025-02-01,209
352690,LIMEIRA,2025-02-01,1336
352710,LINS,2025-02-01,557
352720,LORENA,2025-02-01,421
352730,LOUVEIRA,2025-02-01,184
352740,LUCELIA,2025-02-01,43
352800,MACATUBA,2025-02-01,73
352810,MACAUBAL,2025-02-01,13
352850,MAIRIPORA,2025-02-01,254
352880,MARACAI,2025-02-01,74
352900,MARILIA,2025-02-01,2241
352920,MARTINOPOLIS,2025-02-01,245
352930,MATAO,2025-02-01,612
352940,MAUA,2025-02-01,1039
352970,MIGUELOPOLIS,2025-02-01,53
353010,MIRANDOPOLIS,2025-02-01,281
353030,MIRASSOL,2025-02-01,211
353050,MOCOCA,2025-02-01,407
353060,MOGI DAS CRUZES,2025-02-01,2645
353070,MOGI GUACU,2025-02-01,829
353080,MOGI MIRIM,2025-02-01,406
353110,MONGAGUA,2025-02-01,86
353130,MONTE ALTO,2025-02-01,195
353140,MONTE APRAZIVEL,2025-02-01,259
353150,MONTE AZUL PAULISTA,2025-02-01,111
353180,MONTE MOR,2025-02-01,77
353190,MORRO AGUDO,2025-02-01,147
353200,MORUNGABA,2025-02-01,12
353240,NAZARE PAULISTA,2025-02-01,43
353250,NEVES PAULISTA,2025-02-01,3
353260,NHANDEARA,2025-02-01,215
353290,NOVA EUROPA,2025-02-01,25
353300,NOVA GRANADA,2025-02-01,164
353340,NOVA ODESSA,2025-02-01,103
353350,NOVO HORIZONTE,2025-02-01,250
353390,OLIMPIA,2025-02-01,279
353430,ORLANDIA,2025-02-01,197
353440,OSASCO,2025-02-01,2104
353460,OSVALDO CRUZ,2025-02-01,233
353470,OURINHOS,2025-02-01,829
353475,OUROESTE,2025-02-01,88
353520,PALMEIRA D'OESTE,2025-02-01,70
353530,PALMITAL,2025-02-01,160
353550,PARAGUACU PAULISTA,2025-02-01,597
353580,PARANAPANEMA,2025-02-01,39
353600,PARAPUA,2025-02-01,0
353620,PARIQUERA-ACU,2025-02-01,789
353630,PATROCINIO PAULISTA,2025-02-01,55
353650,PAULINIA,2025-02-01,621
353660,PAULO DE FARIA,2025-02-01,17
353670,PEDERNEIRAS,2025-02-01,167
353700,PEDREGULHO,2025-02-01,92
353710,PEDREIRA,2025-02-01,60
353730,PENAPOLIS,2025-02-01,476
353740,PEREIRA BARRETO,2025-02-01,87
353780,PIEDADE,2025-02-01,320
353790,PILAR DO SUL,2025-02-01,64
353800,PINDAMONHANGABA,2025-02-01,602
353860,PIRACAIA,2025-02-01,29
353870,PIRACICABA,2025-02-01,3238
353880,PIRAJU,2025-02-01,137
353890,PIRAJUI,2025-02-01,135
353900,PIRANGI,2025-02-01,104
353930,PIRASSUNUNGA,2025-02-01,172
353940,PIRATININGA,2025-02-01,15
353950,PITANGUEIRAS,2025-02-01,140
354000,POMPEIA,2025-02-01,55
354020,PONTAL,2025-02-01,160
354040,POPULINA,2025-02-01,18
354060,PORTO FELIZ,2025-02-01,90
354070,PORTO FERREIRA,2025-02-01,206
354080,POTIRENDABA,2025-02-01,106
354100,PRAIA GRANDE,2025-02-01,745
354120,PRESIDENTE BERNARDES,2025-02-01,90
354130,PRESIDENTE EPITACIO,2025-02-01,223
354140,PRESIDENTE PRUDENTE,2025-02-01,3679
354150,PRESIDENTE VENCESLAU,2025-02-01,201
354160,PROMISSAO,2025-02-01,214
354190,QUELUZ,2025-02-01,16
354220,RANCHARIA,2025-02-01,317
354240,REGENTE FEIJO,2025-02-01,78
354260,REGISTRO,2025-02-01,803
354290,RIBEIRAO BONITO,2025-02-01,15
354300,RIBEIRAO BRANCO,2025-02-01,50
354330,RIBEIRAO PIRES,2025-02-01,150
354340,RIBEIRAO PRETO,2025-02-01,7596
354380,RINOPOLIS,2025-02-01,9
354390,RIO CLARO,2025-02-01,780
354400,RIO DAS PEDRAS,2025-02-01,78
354420,RIOLANDIA,2025-02-01,7
354425,ROSANA,2025-02-01,245
354490,SALES OLIVEIRA,2025-02-01,31
354500,SALESOPOLIS,2025-02-01,37
354520,SALTO,2025-02-01,353
354530,SALTO DE PIRAPORA,2025-02-01,230
354540,SALTO GRANDE,2025-02-01,55
354560,SANTA ADELIA,2025-02-01,84
354580,SANTA BARBARA D'OESTE,2025-02-01,743
354630,SANTA CRUZ DAS PALMEIRAS,2025-02-01,98
354640,SANTA CRUZ DO RIO PARDO,2025-02-01,272
354660,SANTA FE DO SUL,2025-02-01,295
354680,SANTA ISABEL,2025-02-01,150
354730,SANTANA DE PARNAIBA,2025-02-01,282
354750,SANTA RITA DO PASSA QUATRO,2025-02-01,135
354760,SANTA ROSA DE VITERBO,2025-02-01,70
354770,SANTO ANASTACIO,2025-02-01,174
354780,SANTO ANDRE,2025-02-01,3565
354790,SANTO ANTONIO DA ALEGRIA,2025-02-01,6
354850,SANTOS,2025-02-01,2697
354860,SAO BENTO DO SAPUCAI,2025-02-01,39
354870,SAO BERNARDO DO CAMPO,2025-02-01,3273
354880,SAO CAETANO DO SUL,2025-02-01,1006
354890,SAO CARLOS,2025-02-01,1488
354910,SAO JOAO DA BOA VISTA,2025-02-01,510
354940,SAO JOAQUIM DA BARRA,2025-02-01,229
354970,SAO JOSE DO RIO PARDO,2025-02-01,364
354980,SAO JOSE DO RIO PRETO,2025-02-01,7648
354990,SAO JOSE DOS CAMPOS,2025-02-01,4509
355000,SAO LUIS DO PARAITINGA,2025-02-01,18
355010,SAO MANUEL,2025-02-01,157
355020,SAO MIGUEL ARCANJO,2025-02-01,104
355030,SAO PAULO,2025-02-01,58258
355040,SAO PEDRO,2025-02-01,275
355060,SAO ROQUE,2025-02-01,345
355070,SAO SEBASTIAO,2025-02-01,386
355080,SAO SEBASTIAO DA GRAMA,2025-02-01,36
355090,SAO SIMAO,2025-02-01,31
355100,SAO VICENTE,2025-02-01,880
355150,SERRANA,2025-02-01,395
355160,SERRA NEGRA,2025-02-01,159
355170,SERTAOZINHO,2025-02-01,563
355200,SILVEIRAS,2025-02-01,1
355210,SOCORRO,2025-02-01,237
355220,SOROCABA,2025-02-01,4889
355230,SUD MENNUCCI,2025-02-01,32
355240,SUMARE,2025-02-01,1088
355250,SUZANO,2025-02-01,723
355260,TABAPUA,2025-02-01,65
355270,TABATINGA,2025-02-01,68
355280,TABOAO DA SERRA,2025-02-01,1508
355300,TAGUAI,2025-02-01,44
355330,TAMBAU,2025-02-01,82
355340,TANABI,2025-02-01,123
355360,TAPIRATIBA,2025-02-01,24
355370,TAQUARITINGA,2025-02-01,381
355380,TAQUARITUBA,2025-02-01,147
355400,TATUI,2025-02-01,352
355410,TAUBATE,2025-02-01,1894
355430,TEODORO SAMPAIO,2025-02-01,97
355440,TERRA ROXA,2025-02-01,2
355450,TIETE,2025-02-01,181
355470,TORRINHA,2025-02-01,3
355500,TUPA,2025-02-01,580
355510,TUPI PAULISTA,2025-02-01,88
355540,UBATUBA,2025-02-01,401
355580,URANIA,2025-02-01,32
355600,URUPES,2025-02-01,38
355620,VALINHOS,2025-02-01,340
355630,VALPARAISO,2025-02-01,90
355640,VARGEM GRANDE DO SUL,2025-02-01,190
355650,VARZEA PAULISTA,2025-02-01,78
355670,VINHEDO,2025-02-01,469
355680,VIRADOURO,2025-02-01,29
355700,VOTORANTIM,2025-02-01,293
355710,VOTUPORANGA,2025-02-01,998
355720,CHAVANTES,2025-02-01,115
350010,ADAMANTINA,2025-03-01,431
350030,AGUAI,2025-03-01,51
350050,AGUAS DE LINDOIA,2025-03-01,82
350070,AGUDOS,2025-03-01,108
350100,ALTINOPOLIS,2025-03-01,173
350110,ALTO ALEGRE,2025-03-01,17
350130,ALVARES MACHADO,2025-03-01,83
350160,AMERICANA,2025-03-01,869
350170,AMERICO BRASILIENSE,2025-03-01,594
350190,AMPARO,2025-03-01,484
350210,ANDRADINA,2025-03-01,272
350220,ANGATUBA,2025-03-01,135
350250,APARECIDA,2025-03-01,322
350260,APARECIDA D'OESTE,2025-03-01,9
350270,APIAI,2025-03-01,240
350280,ARACATUBA,2025-03-01,1194
350310,ARANDU,2025-03-01,8
350320,ARARAQUARA,2025-03-01,1683
350330,ARARAS,2025-03-01,549
350340,AREALVA,2025-03-01,18
350390,ARUJA,2025-03-01,139
350400,ASSIS,2025-03-01,892
350410,ATIBAIA,2025-03-01,389
350420,AURIFLAMA,2025-03-01,243
350450,AVARE,2025-03-01,619
350520,BARIRI,2025-03-01,169
350530,BARRA BONITA,2025-03-01,159
350550,BARRETOS,2025-03-01,2735
350570,BARUERI,2025-03-01,3267
350580,BASTOS,2025-03-01,121
350590,BATATAIS,2025-03-01,397
350600,BAURU,2025-03-01,3394
350610,BEBEDOURO,2025-03-01,777
350630,BERNARDINO DE CAMPOS,2025-03-01,88
350635,BERTIOGA,2025-03-01,277
350640,BILAC,2025-03-01,22
350650,BIRIGUI,2025-03-01,419
350670,BOA ESPERANCA DO SUL,2025-03-01,3
350680,BOCAINA,2025-03-01,12
350700,BOITUVA,2025-03-01,206
350710,BOM JESUS DOS PERDOES,2025-03-01,11
350740,BORBOREMA,2025-03-01,74
350750,BOTUCATU,2025-03-01,2371
350760,BRAGANCA PAULISTA,2025-03-01,1590
350790,BROTAS,2025-03-01,64
350810,BURITAMA,2025-03-01,99
350840,CABREUVA,2025-03-01,74
350850,CACAPAVA,2025-03-01,199
350870,CACONDE,2025-03-01,143
350880,CAFELANDIA,2025-03-01,95
350900,CAIEIRAS,2025-03-01,416
350920,CAJAMAR,2025-03-01,330
350930,CAJOBI,2025-03-01,59
350940,CAJURU,2025-03-01,297
350950,CAMPINAS,2025-03-01,6941
350960,CAMPO LIMPO PAULISTA,2025-03-01,406
350970,CAMPOS DO JORDAO,2025-03-01,264
351000,CANDIDO MOTA,2025-03-01,213
351020,CAPAO BONITO,2025-03-01,235
351040,CAPIVARI,2025-03-01,266
351050,CARAGUATATUBA,2025-03-01,1951
351060,CARAPICUIBA,2025-03-01,1636
351070,CARDOSO,2025-03-01,49
351080,CASA BRANCA,2025-03-01,199
351100,CASTILHO,2025-03-01,109
351110,CATANDUVA,2025-03-01,1785
351140,CERQUEIRA CESAR,2025-03-01,158
351150,CERQUILHO,2025-03-01,62
351160,CESARIO LANGE,2025-03-01,27
351170,CHARQUEADA,2025-03-01,24
351190,CLEMENTINA,2025-03-01,22
351200,COLINA,2025-03-01,92
351210,COLOMBIA,2025-03-01,2
351220,CONCHAL,2025-03-01,179
351230,CONCHAS,2025-03-01,54
351280,COSMOPOLIS,2025-03-01,146
351300,COTIA,2025-03-01,1158
351310,CRAVINHOS,2025-03-01,26
351340,CRUZEIRO,2025-03-01,488
351350,CUBATAO,2025-03-01,529
351360,CUNHA,2025-03-01,105
351370,DESCALVADO,2025-03-01,192
351380,DIADEMA,2025-03-01,1894
351390,DIVINOLANDIA,2025-03-01,397
351410,DOIS CORREGOS,2025-03-01,96
351440,DRACENA,2025-03-01,269
351450,DUARTINA,2025-03-01,152
351500,EMBU DAS ARTES,2025-03-01,262
351510,EMBU-GUACU,2025-03-01,102
351518,ESPIRITO SANTO DO PINHAL,2025-03-01,317
351520,ESTRELA D'OESTE,2025-03-01,65
351540,FARTURA,2025-03-01,86
351550,FERNANDOPOLIS,2025-03-01,491
351570,FERRAZ DE VASCONCELOS,2025-03-01,367
351600,FLORIDA PAULISTA,2025-03-01,82
351620,FRANCA,2025-03-01,1996
351630,FRANCISCO MORATO,2025-03-01,1159
351640,FRANCO DA ROCHA,2025-03-01,680
351660,GALIA,2025-03-01,14
351670,GARCA,2025-03-01,292
351690,GENERAL SALGADO,2025-03-01,52
351700,GETULINA,2025-03-01,25
351740,GUAIRA,2025-03-01,300
351760,GUAPIARA,2025-03-01,7
351770,GUARA,2025-03-01,85
351780,GUARACAI,2025-03-01,42
351820,GUARARAPES,2025-03-01,124
351830,GUARAREMA,2025-03-01,110
351840,GUARATINGUETA,2025-03-01,532
351860,GUARIBA,2025-03-01,153
351870,GUARUJA,2025-03-01,1091
351880,GUARULHOS,2025-03-01,4700
351900,HERCULANDIA,2025-03-01,76
351907,HORTOLANDIA,2025-03-01,428
351910,IACANGA,2025-03-01,53
351930,IBATE,2025-03-01,94
351940,IBIRA,2025-03-01,55
351960,IBITINGA,2025-03-01,370
351970,IBIUNA,2025-03-01,406
351990,IEPE,2025-03-01,71
352010,IGARAPAVA,2025-03-01,101
352040,ILHABELA,2025-03-01,272
352044,ILHA SOLTEIRA,2025-03-01,221
352050,INDAIATUBA,2025-03-01,1913
352070,INDIAPORA,2025-03-01,27
352090,IPAUSSU,2025-03-01,76
352130,IPUA,2025-03-01,78
352170,ITABERA,2025-03-01,103
352180,ITAI,2025-03-01,70
352190,ITAJOBI,2025-03-01,87
352210,ITANHAEM,2025-03-01,986
352220,ITAPECERICA DA SERRA,2025-03-01,1461
352230,ITAPETININGA,2025-03-01,896
352240,ITAPEVA,2025-03-01,824
352250,ITAPEVI,2025-03-01,1378
352260,ITAPIRA,2025-03-01,605
352270,ITAPOLIS,2025-03-01,269
352280,ITAPORANGA,2025-03-01,93
352290,ITAPUI,2025-03-01,19
352310,ITAQUAQUECETUBA,2025-03-01,1366
352320,ITARARE,2025-03-01,282
352340,ITATIBA,2025-03-01,498
352350,ITATINGA,2025-03-01,39
352360,ITIRAPINA,2025-03-01,11
352390,ITU,2025-03-01,802
352400,ITUPEVA,2025-03-01,216
352410,ITUVERAVA,2025-03-01,282
352420,JABORANDI,2025-03-01,2
352430,JABOTICABAL,2025-03-01,204
352440,JACAREI,2025-03-01,1165
352450,JACI,2025-03-01,56
352470,JAGUARIUNA,2025-03-01,302
352480,JALES,2025-03-01,731
352520,JARINU,2025-03-01,59
352530,JAU,2025-03-01,2218
352550,JOANOPOLIS,2025-03-01,12
352570,JOSE BONIFACIO,2025-03-01,191
352590,JUNDIAI,2025-03-01,3868
352600,JUNQUEIROPOLIS,2025-03-01,112
352640,LARANJAL PAULISTA,2025-03-01,153
352670,LEME,2025-03-01,434
352680,LENCOIS PAULISTA,2025-03-01,220
352690,LIMEIRA,2025-03-01,1312
352710,LINS,2025-03-01,562
352720,LORENA,2025-03-01,440
352730,LOUVEIRA,2025-03-01,224
352740,LUCELIA,2025-03-01,67
352800,MACATUBA,2025-03-01,72
352810,MACAUBAL,2025-03-01,10
352850,MAIRIPORA,2025-03-01,269
352880,MARACAI,2025-03-01,66
352900,MARILIA,2025-03-01,2597
352920,MARTINOPOLIS,2025-03-01,261
352930,MATAO,2025-03-01,533
352940,MAUA,2025-03-01,1240
352970,MIGUELOPOLIS,2025-03-01,96
353010,MIRANDOPOLIS,2025-03-01,302
353030,MIRASSOL,2025-03-01,243
353050,MOCOCA,2025-03-01,455
353060,MOGI DAS CRUZES,2025-03-01,2753
353070,MOGI GUACU,2025-03-01,935
353080,MOGI MIRIM,2025-03-01,481
353110,MONGAGUA,2025-03-01,91
353130,MONTE ALTO,2025-03-01,228
353140,MONTE APRAZIVEL,2025-03-01,209
353150,MONTE AZUL PAULISTA,2025-03-01,119
353180,MONTE MOR,2025-03-01,103
353190,MORRO AGUDO,2025-03-01,155
353200,MORUNGABA,2025-03-01,15
353240,NAZARE PAULISTA,2025-03-01,44
353250,NEVES PAULISTA,2025-03-01,5
353260,NHANDEARA,2025-03-01,206
353290,NOVA EUROPA,2025-03-01,25
353300,NOVA GRANADA,2025-03-01,221
353340,NOVA ODESSA,2025-03-01,145
353350,NOVO HORIZONTE,2025-03-01,221
353390,OLIMPIA,2025-03-01,355
353430,ORLANDIA,2025-03-01,211
353440,OSASCO,2025-03-01,2509
353460,OSVALDO CRUZ,2025-03-01,231
353470,OURINHOS,2025-03-01,1008
353475,OUROESTE,2025-03-01,62
353520,PALMEIRA D'OESTE,2025-03-01,63
353530,PALMITAL,2025-03-01,156
353550,PARAGUACU PAULISTA,2025-03-01,420
353580,PARANAPANEMA,2025-03-01,63
353600,PARAPUA,2025-03-01,0
353620,PARIQUERA-ACU,2025-03-01,994
353630,PATROCINIO PAULISTA,2025-03-01,79
353650,PAULINIA,2025-03-01,591
353660,PAULO DE FARIA,2025-03-01,8
353670,PEDERNEIRAS,2025-03-01,194
353700,PEDREGULHO,2025-03-01,93
353710,PEDREIRA,2025-03-01,88
353730,PENAPOLIS,2025-03-01,502
353740,PEREIRA BARRETO,2025-03-01,55
353780,PIEDADE,2025-03-01,242
353790,PILAR DO SUL,2025-03-01,72
353800,PINDAMONHANGABA,2025-03-01,689
353860,PIRACAIA,2025-03-01,44
353870,PIRACICABA,2025-03-01,3048
353880,PIRAJU,2025-03-01,142
353890,PIRAJUI,2025-03-01,155
353900,PIRANGI,2025-03-01,105
353930,PIRASSUNUNGA,2025-03-01,231
353940,PIRATININGA,2025-03-01,29
353950,PITANGUEIRAS,2025-03-01,145
354000,POMPEIA,2025-03-01,88
354020,PONTAL,2025-03-01,91
354040,POPULINA,2025-03-01,13
354060,PORTO FELIZ,2025-03-01,316
354070,PORTO FERREIRA,2025-03-01,122
354080,POTIRENDABA,2025-03-01,94
354100,PRAIA GRANDE,2025-03-01,847
354120,PRESIDENTE BERNARDES,2025-03-01,108
354130,PRESIDENTE EPITACIO,2025-03-01,256
354140,PRESIDENTE PRUDENTE,2025-03-01,3696
354150,PRESIDENTE VENCESLAU,2025-03-01,234
354160,PROMISSAO,2025-03-01,527
354190,QUELUZ,2025-03-01,14
354220,RANCHARIA,2025-03-01,391
354240,REGENTE FEIJO,2025-03-01,148
354260,REGISTRO,2025-03-01,793
354290,RIBEIRAO BONITO,2025-03-01,16
354300,RIBEIRAO BRANCO,2025-03-01,43
354330,RIBEIRAO PIRES,2025-03-01,144
354340,RIBEIRAO PRETO,2025-03-01,7656
354380,RINOPOLIS,2025-03-01,19
354390,RIO CLARO,2025-03-01,820
354400,RIO DAS PEDRAS,2025-03-01,83
354420,RIOLANDIA,2025-03-01,20
354425,ROSANA,2025-03-01,274
354490,SALES OLIVEIRA,2025-03-01,25
354500,SALESOPOLIS,2025-03-01,45
354520,SALTO,2025-03-01,403
354530,SALTO DE PIRAPORA,2025-03-01,292
354540,SALTO GRANDE,2025-03-01,63
354560,SANTA ADELIA,2025-03-01,92
354580,SANTA BARBARA D'OESTE,2025-03-01,762
354630,SANTA CRUZ DAS PALMEIRAS,2025-03-01,108
354640,SANTA CRUZ DO RIO PARDO,2025-03-01,366
354660,SANTA FE DO SUL,2025-03-01,355
354680,SANTA ISABEL,2025-03-01,182
354730,SANTANA DE PARNAIBA,2025-03-01,317
354750,SANTA RITA DO PASSA QUATRO,2025-03-01,167
354760,SANTA ROSA DE VITERBO,2025-03-01,78
354770,SANTO ANASTACIO,2025-03-01,197
354780,SANTO ANDRE,2025-03-01,3848
354790,SANTO ANTONIO DA ALEGRIA,2025-03-01,13
354850,SANTOS,2025-03-01,2959
354860,SAO BENTO DO SAPUCAI,2025-03-01,31
354870,SAO BERNARDO DO CAMPO,2025-03-01,3524
354880,SAO CAETANO DO SUL,2025-03-01,1251
354890,SAO CARLOS,2025-03-01,1724
354910,SAO JOAO DA BOA VISTA,2025-03-01,542
354940,SAO JOAQUIM DA BARRA,2025-03-01,295
354970,SAO JOSE DO RIO PARDO,2025-03-01,377
354980,SAO JOSE DO RIO PRETO,2025-03-01,7708
354990,SAO JOSE DOS CAMPOS,2025-03-01,5048
355000,SAO LUIS DO PARAITINGA,2025-03-01,9
355010,SAO MANUEL,2025-03-01,193
355020,SAO MIGUEL ARCANJO,2025-03-01,104
355030,SAO PAULO,2025-03-01,61044
355040,SAO PEDRO,2025-03-01,308
355060,SAO ROQUE,2025-03-01,446
355070,SAO SEBASTIAO,2025-03-01,456
355080,SAO SEBASTIAO DA GRAMA,2025-03-01,60
355090,SAO SIMAO,2025-03-01,32
355100,SAO VICENTE,2025-03-01,932
355150,SERRANA,2025-03-01,376
355160,SERRA NEGRA,2025-03-01,140
355170,SERTAOZINHO,2025-03-01,529
355200,SILVEIRAS,2025-03-01,2
355210,SOCORRO,2025-03-01,205
355220,SOROCABA,2025-03-01,5127
355230,SUD MENNUCCI,2025-03-01,32
355240,SUMARE,2025-03-01,1094
355250,SUZANO,2025-03-01,840
355260,TABAPUA,2025-03-01,64
355270,TABATINGA,2025-03-01,76
355280,TABOAO DA SERRA,2025-03-01,1674
355300,TAGUAI,2025-03-01,49
355330,TAMBAU,2025-03-01,80
355340,TANABI,2025-03-01,109
355360,TAPIRATIBA,2025-03-01,22
355370,TAQUARITINGA,2025-03-01,411
355380,TAQUARITUBA,2025-03-01,175
355400,TATUI,2025-03-01,425
355410,TAUBATE,2025-03-01,2162
355430,TEODORO SAMPAIO,2025-03-01,125
355440,TERRA ROXA,2025-03-01,0
355450,TIETE,2025-03-01,202
355470,TORRINHA,2025-03-01,3
355500,TUPA,2025-03-01,639
355510,TUPI PAULISTA,2025-03-01,105
355540,UBATUBA,2025-03-01,488
355580,URANIA,2025-03-01,29
355600,URUPES,2025-03-01,31
355620,VALINHOS,2025-03-01,366
355630,VALPARAISO,2025-03-01,73
355640,VARGEM GRANDE DO SUL,2025-03-01,163
355650,VARZEA PAULISTA,2025-03-01,84
355670,VINHEDO,2025-03-01,534
355680,VIRADOURO,2025-03-01,24
355700,VOTORANTIM,2025-03-01,343
355710,VOTUPORANGA,2025-03-01,1033
355720,CHAVANTES,2025-03-01,123
350010,ADAMANTINA,2025-04-01,457
350030,AGUAI,2025-04-01,55
350050,AGUAS DE LINDOIA,2025-04-01,103
350070,AGUDOS,2025-04-01,123
350100,ALTINOPOLIS,2025-04-01,190
350110,ALTO ALEGRE,2025-04-01,15
350130,ALVARES MACHADO,2025-04-01,85
350160,AMERICANA,2025-04-01,829
350170,AMERICO BRASILIENSE,2025-04-01,625
350190,AMPARO,2025-04-01,395
350210,ANDRADINA,2025-04-01,267
350220,ANGATUBA,2025-04-01,186
350250,APARECIDA,2025-04-01,373
350260,APARECIDA D'OESTE,2025-04-01,2
350270,APIAI,2025-04-01,246
350280,ARACATUBA,2025-04-01,1241
350310,ARANDU,2025-04-01,10
350320,ARARAQUARA,2025-04-01,1722
350330,ARARAS,2025-04-01,702
350340,AREALVA,2025-04-01,29
350390,ARUJA,2025-04-01,0
350400,ASSIS,2025-04-01,868
350410,ATIBAIA,2025-04-01,439
350420,AURIFLAMA,2025-04-01,236
350450,AVARE,2025-04-01,612
350520,BARIRI,2025-04-01,176
350530,BARRA BONITA,2025-04-01,179
350550,BARRETOS,2025-04-01,2658
350570,BARUERI,2025-04-01,3407
350580,BASTOS,2025-04-01,128
350590,BATATAIS,2025-04-01,374
350600,BAURU,2025-04-01,3505
350610,BEBEDOURO,2025-04-01,805
350630,BERNARDINO DE CAMPOS,2025-04-01,57
350635,BERTIOGA,2025-04-01,272
350640,BILAC,2025-04-01,17
350650,BIRIGUI,2025-04-01,390
350670,BOA ESPERANCA DO SUL,2025-04-01,2
350680,BOCAINA,2025-04-01,12
350700,BOITUVA,2025-04-01,180
350710,BOM JESUS DOS PERDOES,2025-04-01,14
350740,BORBOREMA,2025-04-01,83
350750,BOTUCATU,2025-04-01,2164
350760,BRAGANCA PAULISTA,2025-04-01,1507
350790,BROTAS,2025-04-01,78
350810,BURITAMA,2025-04-01,105
350840,CABREUVA,2025-04-01,57
350850,CACAPAVA,2025-04-01,131
350870,CACONDE,2025-04-01,154
350880,CAFELANDIA,2025-04-01,103
350900,CAIEIRAS,2025-04-01,396
350920,CAJAMAR,2025-04-01,283
350930,CAJOBI,2025-04-01,35
350940,CAJURU,2025-04-01,297
350950,CAMPINAS,2025-04-01,7103
350960,CAMPO LIMPO PAULISTA,2025-04-01,363
350970,CAMPOS DO JORDAO,2025-04-01,230
351000,CANDIDO MOTA,2025-04-01,190
351020,CAPAO BONITO,2025-04-01,233
351040,CAPIVARI,2025-04-01,254
351050,CARAGUATATUBA,2025-04-01,1916
351060,CARAPICUIBA,2025-04-01,1585
351070,CARDOSO,2025-04-01,39
351080,CASA BRANCA,2025-04-01,211
351100,CASTILHO,2025-04-01,99
351110,CATANDUVA,2025-04-01,1554
351140,CERQUEIRA CESAR,2025-04-01,163
351150,CERQUILHO,2025-04-01,33
351160,CESARIO LANGE,2025-04-01,27
351170,CHARQUEADA,2025-04-01,17
351190,CLEMENTINA,2025-04-01,21
351200,COLINA,2025-04-01,98
351210,COLOMBIA,2025-04-01,3
351220,CONCHAL,2025-04-01,198
351230,CONCHAS,2025-04-01,32
351280,COSMOPOLIS,2025-04-01,159
351300,COTIA,2025-04-01,1110
351310,CRAVINHOS,2025-04-01,38
351340,CRUZEIRO,2025-04-01,512
351350,CUBATAO,2025-04-01,507
351360,CUNHA,2025-04-01,118
351370,DESCALVADO,2025-04-01,145
351380,DIADEMA,2025-04-01,1795
351390,DIVINOLANDIA,2025-04-01,435
351410,DOIS CORREGOS,2025-04-01,89
351440,DRACENA,2025-04-01,290
351450,DUARTINA,2025-04-01,137
351500,EMBU DAS ARTES,2025-04-01,318
351510,EMBU-GUACU,2025-04-01,86
351518,ESPIRITO SANTO DO PINHAL,2025-04-01,380
351520,ESTRELA D'OESTE,2025-04-01,81
351540,FARTURA,2025-04-01,81
351550,FERNANDOPOLIS,2025-04-01,471
351570,FERRAZ DE VASCONCELOS,2025-04-01,665
351600,FLORIDA PAULISTA,2025-04-01,71
351620,FRANCA,2025-04-01,2069
351630,FRANCISCO MORATO,2025-04-01,1078
351640,FRANCO DA ROCHA,2025-04-01,743
351660,GALIA,2025-04-01,12
351670,GARCA,2025-04-01,254
351690,GENERAL SALGADO,2025-04-01,40
351700,GETULINA,2025-04-01,27
351740,GUAIRA,2025-04-01,327
351760,GUAPIARA,2025-04-01,20
351770,GUARA,2025-04-01,78
351780,GUARACAI,2025-04-01,43
351820,GUARARAPES,2025-04-01,134
351830,GUARAREMA,2025-04-01,86
351840,GUARATINGUETA,2025-04-01,517
351860,GUARIBA,2025-04-01,139
351870,GUARUJA,2025-04-01,1123
351880,GUARULHOS,2025-04-01,5169
351900,HERCULANDIA,2025-04-01,78
351907,HORTOLANDIA,2025-04-01,442
351910,IACANGA,2025-04-01,78
351930,IBATE,2025-04-01,71
351940,IBIRA,2025-04-01,24
351960,IBITINGA,2025-04-01,398
351970,IBIUNA,2025-04-01,405
351990,IEPE,2025-04-01,62
352010,IGARAPAVA,2025-04-01,106
352040,ILHABELA,2025-04-01,325
352044,ILHA SOLTEIRA,2025-04-01,209
352050,INDAIATUBA,2025-04-01,1940
352070,INDIAPORA,2025-04-01,32
352090,IPAUSSU,2025-04-01,49
352130,IPUA,2025-04-01,77
352170,ITABERA,2025-04-01,73
352180,ITAI,2025-04-01,62
352190,ITAJOBI,2025-04-01,62
352210,ITANHAEM,2025-04-01,1061
352220,ITAPECERICA DA SERRA,2025-04-01,1468
352230,ITAPETININGA,2025-04-01,910
352240,ITAPEVA,2025-04-01,692
352250,ITAPEVI,2025-04-01,1445
352260,ITAPIRA,2025-04-01,625
352270,ITAPOLIS,2025-04-01,295
352280,ITAPORANGA,2025-04-01,92
352290,ITAPUI,2025-04-01,8
352310,ITAQUAQUECETUBA,2025-04-01,1197
352320,ITARARE,2025-04-01,294
352340,ITATIBA,2025-04-01,458
352350,ITATINGA,2025-04-01,35
352360,ITIRAPINA,2025-04-01,13
352390,ITU,2025-04-01,864
352400,ITUPEVA,2025-04-01,179
352410,ITUVERAVA,2025-04-01,337
352420,JABORANDI,2025-04-01,4
352430,JABOTICABAL,2025-04-01,189
352440,JACAREI,2025-04-01,1156
352450,JACI,2025-04-01,80
352470,JAGUARIUNA,2025-04-01,350
352480,JALES,2025-04-01,724
352520,JARINU,2025-04-01,80
352530,JAU,2025-04-01,2287
352550,JOANOPOLIS,2025-04-01,18
352570,JOSE BONIFACIO,2025-04-01,149
352590,JUNDIAI,2025-04-01,3531
352600,JUNQUEIROPOLIS,2025-04-01,98
352640,LARANJAL PAULISTA,2025-04-01,141
352670,LEME,2025-04-01,516
352680,LENCOIS PAULISTA,2025-04-01,241
352690,LIMEIRA,2025-04-01,1363
352710,LINS,2025-04-01,625
352720,LORENA,2025-04-01,421
352730,LOUVEIRA,2025-04-01,257
352740,LUCELIA,2025-04-01,73
352800,MACATUBA,2025-04-01,85
352810,MACAUBAL,2025-04-01,11
352850,MAIRIPORA,2025-04-01,289
352880,MARACAI,2025-04-01,85
352900,MARILIA,2025-04-01,2569
352920,MARTINOPOLIS,2025-04-01,226
352930,MATAO,2025-04-01,496
352940,MAUA,2025-04-01,1080
352970,MIGUELOPOLIS,2025-04-01,66
353010,MIRANDOPOLIS,2025-04-01,311
353030,MIRASSOL,2025-04-01,218
353050,MOCOCA,2025-04-01,467
353060,MOGI DAS CRUZES,2025-04-01,3191
353070,MOGI GUACU,2025-04-01,839
353080,MOGI MIRIM,2025-04-01,451
353110,MONGAGUA,2025-04-01,83
353130,MONTE ALTO,2025-04-01,240
353140,MONTE APRAZIVEL,2025-04-01,232
353150,MONTE AZUL PAULISTA,2025-04-01,145
353180,MONTE MOR,2025-04-01,109
353190,MORRO AGUDO,2025-04-01,179
353200,MORUNGABA,2025-04-01,14
353240,NAZARE PAULISTA,2025-04-01,36
353250,NEVES PAULISTA,2025-04-01,3
353260,NHANDEARA,2025-04-01,189
353290,NOVA EUROPA,2025-04-01,30
353300,NOVA GRANADA,2025-04-01,209
353340,NOVA ODESSA,2025-04-01,125
353350,NOVO HORIZONTE,2025-04-01,209
353390,OLIMPIA,2025-04-01,363
353430,ORLANDIA,2025-04-01,192
353440,OSASCO,2025-04-01,2447
353460,OSVALDO CRUZ,2025-04-01,258
353470,OURINHOS,2025-04-01,1049
353475,OUROESTE,2025-04-01,68
353520,PALMEIRA D'OESTE,2025-04-01,41
353530,PALMITAL,2025-04-01,213
353550,PARAGUACU PAULISTA,2025-04-01,511
353580,PARANAPANEMA,2025-04-01,70
353600,PARAPUA,2025-04-01,0
353620,PARIQUERA-ACU,2025-04-01,793
353630,PATROCINIO PAULISTA,2025-04-01,101
353650,PAULINIA,2025-04-01,717
353660,PAULO DE FARIA,2025-04-01,10
353670,PEDERNEIRAS,2025-04-01,209
353700,PEDREGULHO,2025-04-01,123
353710,PEDREIRA,2025-04-01,98
353730,PENAPOLIS,2025-04-01,517
353740,PEREIRA BARRETO,2025-04-01,75
353780,PIEDADE,2025-04-01,222
353790,PILAR DO SUL,2025-04-01,100
353800,PINDAMONHANGABA,2025-04-01,522
353860,PIRACAIA,2025-04-01,33
353870,PIRACICABA,2025-04-01,2872
353880,PIRAJU,2025-04-01,173
353890,PIRAJUI,2025-04-01,162
353900,PIRANGI,2025-04-01,121
353930,PIRASSUNUNGA,2025-04-01,242
353940,PIRATININGA,2025-04-01,34
353950,PITANGUEIRAS,2025-04-01,140
354000,POMPEIA,2025-04-01,66
354020,PONTAL,2025-04-01,160
354040,POPULINA,2025-04-01,13
354060,PORTO FELIZ,2025-04-01,193
354070,PORTO FERREIRA,2025-04-01,221
354080,POTIRENDABA,2025-04-01,78
354100,PRAIA GRANDE,2025-04-01,885
354120,PRESIDENTE BERNARDES,2025-04-01,121
354130,PRESIDENTE EPITACIO,2025-04-01,247
354140,PRESIDENTE PRUDENTE,2025-04-01,3438
354150,PRESIDENTE VENCESLAU,2025-04-01,201
354160,PROMISSAO,2025-04-01,467
354190,QUELUZ,2025-04-01,22
354220,RANCHARIA,2025-04-01,379
354240,REGENTE FEIJO,2025-04-01,118
354260,REGISTRO,2025-04-01,892
354290,RIBEIRAO BONITO,2025-04-01,15
354300,RIBEIRAO BRANCO,2025-04-01,50
354330,RIBEIRAO PIRES,2025-04-01,146
354340,RIBEIRAO PRETO,2025-04-01,7138
354380,RINOPOLIS,2025-04-01,22
354390,RIO CLARO,2025-04-01,856
354400,RIO DAS PEDRAS,2025-04-01,75
354420,RIOLANDIA,2025-04-01,18
354425,ROSANA,2025-04-01,282
354490,SALES OLIVEIRA,2025-04-01,23
354500,SALESOPOLIS,2025-04-01,45
354520,SALTO,2025-04-01,433
354530,SALTO DE PIRAPORA,2025-04-01,300
354540,SALTO GRANDE,2025-04-01,65
354560,SANTA ADELIA,2025-04-01,77
354580,SANTA BARBARA D'OESTE,2025-04-01,736
354630,SANTA CRUZ DAS PALMEIRAS,2025-04-01,119
354640,SANTA CRUZ DO RIO PARDO,2025-04-01,404
354660,SANTA FE DO SUL,2025-04-01,292
354680,SANTA ISABEL,2025-04-01,180
354730,SANTANA DE PARNAIBA,2025-04-01,261
354750,SANTA RITA DO PASSA QUATRO,2025-04-01,139
354760,SANTA ROSA DE VITERBO,2025-04-01,80
354770,SANTO ANASTACIO,2025-04-01,162
354780,SANTO ANDRE,2025-04-01,3742
354790,SANTO ANTONIO DA ALEGRIA,2025-04-01,15
354850,SANTOS,2025-04-01,2839
354860,SAO BENTO DO SAPUCAI,2025-04-01,54
354870,SAO BERNARDO DO CAMPO,2025-04-01,3459
354880,SAO CAETANO DO SUL,2025-04-01,980
354890,SAO CARLOS,2025-04-01,1646
354910,SAO JOAO DA BOA VISTA,2025-04-01,519
354940,SAO JOAQUIM DA BARRA,2025-04-01,258
354970,SAO JOSE DO RIO PARDO,2025-04-01,357
354980,SAO JOSE DO RIO PRETO,2025-04-01,7445
354990,SAO JOSE DOS CAMPOS,2025-04-01,4779
355000,SAO LUIS DO PARAITINGA,2025-04-01,13
355010,SAO MANUEL,2025-04-01,149
355020,SAO MIGUEL ARCANJO,2025-04-01,40
355030,SAO PAULO,2025-04-01,62390
355040,SAO PEDRO,2025-04-01,318
355060,SAO ROQUE,2025-04-01,463
355070,SAO SEBASTIAO,2025-04-01,538
355080,SAO SEBASTIAO DA GRAMA,2025-04-01,67
355090,SAO SIMAO,2025-04-01,37
355100,SAO VICENTE,2025-04-01,780
355150,SERRANA,2025-04-01,308
355160,SERRA NEGRA,2025-04-01,165
355170,SERTAOZINHO,2025-04-01,539
355200,SILVEIRAS,2025-04-01,3
355210,SOCORRO,2025-04-01,188
355220,SOROCABA,2025-04-01,4805
355230,SUD MENNUCCI,2025-04-01,23
355240,SUMARE,2025-04-01,1064
355250,SUZANO,2025-04-01,799
355260,TABAPUA,2025-04-01,70
355270,TABATINGA,2025-04-01,80
355280,TABOAO DA SERRA,2025-04-01,1756
355300,TAGUAI,2025-04-01,55
355330,TAMBAU,2025-04-01,92
355340,TANABI,2025-04-01,108
355360,TAPIRATIBA,2025-04-01,31
355370,TAQUARITINGA,2025-04-01,354
355380,TAQUARITUBA,2025-04-01,196
355400,TATUI,2025-04-01,398
355410,TAUBATE,2025-04-01,2202
355430,TEODORO SAMPAIO,2025-04-01,100
355440,TERRA ROXA,2025-04-01,8
355450,TIETE,2025-04-01,179
355470,TORRINHA,2025-04-01,14
355500,TUPA,2025-04-01,675
355510,TUPI PAULISTA,2025-04-01,95
355540,UBATUBA,2025-04-01,449
355580,URANIA,2025-04-01,12
355600,URUPES,2025-04-01,29
355620,VALINHOS,2025-04-01,454
355630,VALPARAISO,2025-04-01,73
355640,VARGEM GRANDE DO SUL,2025-04-01,189
355650,VARZEA PAULISTA,2025-04-01,70
355670,VINHEDO,2025-04-01,555
355680,VIRADOURO,2025-04-01,25
355700,VOTORANTIM,2025-04-01,332
355710,VOTUPORANGA,2025-04-01,1027
355720,CHAVANTES,2025-04-01,81
350010,ADAMANTINA,2025-05-01,519
350030,AGUAI,2025-05-01,68
350050,AGUAS DE LINDOIA,2025-05-01,113
350070,AGUDOS,2025-05-01,109
350100,ALTINOPOLIS,2025-05-01,209
350110,ALTO ALEGRE,2025-05-01,12
350130,ALVARES MACHADO,2025-05-01,65
350160,AMERICANA,2025-05-01,925
350170,AMERICO BRASILIENSE,2025-05-01,610
350190,AMPARO,2025-05-01,403
350210,ANDRADINA,2025-05-01,330
350220,ANGATUBA,2025-05-01,181
350250,APARECIDA,2025-05-01,258
350260,APARECIDA D'OESTE,2025-05-01,6
350270,APIAI,2025-05-01,362
350280,ARACATUBA,2025-05-01,1285
350310,ARANDU,2025-05-01,8
350320,ARARAQUARA,2025-05-01,1698
350330,ARARAS,2025-05-01,698
350340,AREALVA,2025-05-01,22
350390,ARUJA,2025-05-01,0
350400,ASSIS,2025-05-01,1013
350410,ATIBAIA,2025-05-01,411
350420,AURIFLAMA,2025-05-01,222
350450,AVARE,2025-05-01,607
350520,BARIRI,2025-05-01,173
350530,BARRA BONITA,2025-05-01,210
350550,BARRETOS,2025-05-01,2686
350570,BARUERI,2025-05-01,3866
350580,BASTOS,2025-05-01,136
350590,BATATAIS,2025-05-01,431
350600,BAURU,2025-05-01,3585
350610,BEBEDOURO,2025-05-01,862
350630,BERNARDINO DE CAMPOS,2025-05-01,66
350635,BERTIOGA,2025-05-01,301
350640,BILAC,2025-05-01,14
350650,BIRIGUI,2025-05-01,424
350670,BOA ESPERANCA DO SUL,2025-05-01,5
350680,BOCAINA,2025-05-01,14
350700,BOITUVA,2025-05-01,229
350710,BOM JESUS DOS PERDOES,2025-05-01,14
350740,BORBOREMA,2025-05-01,66
350750,BOTUCATU,2025-05-01,2773
350760,BRAGANCA PAULISTA,2025-05-01,1616
350790,BROTAS,2025-05-01,84
350810,BURITAMA,2025-05-01,116
350840,CABREUVA,2025-05-01,0
350850,CACAPAVA,2025-05-01,59
350870,CACONDE,2025-05-01,205
350880,CAFELANDIA,2025-05-01,94
350900,CAIEIRAS,2025-05-01,409
350920,CAJAMAR,2025-05-01,348
350930,CAJOBI,2025-05-01,63
350940,CAJURU,2025-05-01,323
350950,CAMPINAS,2025-05-01,8053
350960,CAMPO LIMPO PAULISTA,2025-05-01,369
350970,CAMPOS DO JORDAO,2025-05-01,224
351000,CANDIDO MOTA,2025-05-01,197
351020,CAPAO BONITO,2025-05-01,247
351040,CAPIVARI,2025-05-01,190
351050,CARAGUATATUBA,2025-05-01,2031
351060,CARAPICUIBA,2025-05-01,1585
351070,CARDOSO,2025-05-01,56
351080,CASA BRANCA,2025-05-01,201
351100,CASTILHO,2025-05-01,110
351110,CATANDUVA,2025-05-01,1568
351140,CERQUEIRA CESAR,2025-05-01,143
351150,CERQUILHO,2025-05-01,47
351160,CESARIO LANGE,2025-05-01,54
351170,CHARQUEADA,2025-05-01,27
351190,CLEMENTINA,2025-05-01,39
351200,COLINA,2025-05-01,102
351210,COLOMBIA,2025-05-01,2
351220,CONCHAL,2025-05-01,202
351230,CONCHAS,2025-05-01,24
351280,COSMOPOLIS,2025-05-01,148
351300,COTIA,2025-05-01,1212
351310,CRAVINHOS,2025-05-01,38
351340,CRUZEIRO,2025-05-01,524
351350,CUBATAO,2025-05-01,578
351360,CUNHA,2025-05-01,125
351370,DESCALVADO,2025-05-01,159
351380,DIADEMA,2025-05-01,1900
351390,DIVINOLANDIA,2025-05-01,443
351410,DOIS CORREGOS,2025-05-01,112
351440,DRACENA,2025-05-01,339
351450,DUARTINA,2025-05-01,162
351500,EMBU DAS ARTES,2025-05-01,178
351510,EMBU-GUACU,2025-05-01,122
351518,ESPIRITO SANTO DO PINHAL,2025-05-01,380
351520,ESTRELA D'OESTE,2025-05-01,83
351540,FARTURA,2025-05-01,69
351550,FERNANDOPOLIS,2025-05-01,572
351570,FERRAZ DE VASCONCELOS,2025-05-01,562
351600,FLORIDA PAULISTA,2025-05-01,61
351620,FRANCA,2025-05-01,2117
351630,FRANCISCO MORATO,2025-05-01,1204
351640,FRANCO DA ROCHA,2025-05-01,705
351660,GALIA,2025-05-01,8
351670,GARCA,2025-05-01,267
351690,GENERAL SALGADO,2025-05-01,50
351700,GETULINA,2025-05-01,33
351740,GUAIRA,2025-05-01,284
351760,GUAPIARA,2025-05-01,16
351770,GUARA,2025-05-01,78
351780,GUARACAI,2025-05-01,65
351820,GUARARAPES,2025-05-01,164
351830,GUARAREMA,2025-05-01,127
351840,GUARATINGUETA,2025-05-01,523
351860,GUARIBA,2025-05-01,143
351870,GUARUJA,2025-05-01,1207
351880,GUARULHOS,2025-05-01,5200
351900,HERCULANDIA,2025-05-01,91
351907,HORTOLANDIA,2025-05-01,473
351910,IACANGA,2025-05-01,97
351930,IBATE,2025-05-01,110
351940,IBIRA,2025-05-01,30
351960,IBITINGA,2025-05-01,486
351970,IBIUNA,2025-05-01,400
351990,IEPE,2025-05-01,88
352010,IGARAPAVA,2025-05-01,118
352040,ILHABELA,2025-05-01,348
352044,ILHA SOLTEIRA,2025-05-01,234
352050,INDAIATUBA,2025-05-01,2268
352070,INDIAPORA,2025-05-01,37
352090,IPAUSSU,2025-05-01,63
352130,IPUA,2025-05-01,75
352170,ITABERA,2025-05-01,153
352180,ITAI,2025-05-01,75
352190,ITAJOBI,2025-05-01,66
352210,ITANHAEM,2025-05-01,973
352220,ITAPECERICA DA SERRA,2025-05-01,1449
352230,ITAPETININGA,2025-05-01,938
352240,ITAPEVA,2025-05-01,880
352250,ITAPEVI,2025-05-01,1565
352260,ITAPIRA,2025-05-01,614
352270,ITAPOLIS,2025-05-01,316
352280,ITAPORANGA,2025-05-01,106
352290,ITAPUI,2025-05-01,0
352310,ITAQUAQUECETUBA,2025-05-01,1323
352320,ITARARE,2025-05-01,319
352340,ITATIBA,2025-05-01,540
352350,ITATINGA,2025-05-01,24
352360,ITIRAPINA,2025-05-01,17
352390,ITU,2025-05-01,833
352400,ITUPEVA,2025-05-01,205
352410,ITUVERAVA,2025-05-01,354
352420,JABORANDI,2025-05-01,7
352430,JABOTICABAL,2025-05-01,195
352440,JACAREI,2025-05-01,1200
352450,JACI,2025-05-01,52
352470,JAGUARIUNA,2025-05-01,360
352480,JALES,2025-05-01,735
352520,JARINU,2025-05-01,66
352530,JAU,2025-05-01,2451
352550,JOANOPOLIS,2025-05-01,27
352570,JOSE BONIFACIO,2025-05-01,225
352590,JUNDIAI,2025-05-01,3939
352600,JUNQUEIROPOLIS,2025-05-01,116
352640,LARANJAL PAULISTA,2025-05-01,0
352670,LEME,2025-05-01,523
352680,LENCOIS PAULISTA,2025-05-01,237
352690,LIMEIRA,2025-05-01,1471
352710,LINS,2025-05-01,567
352720,LORENA,2025-05-01,455
352730,LOUVEIRA,2025-05-01,241
352740,LUCELIA,2025-05-01,60
352800,MACATUBA,2025-05-01,77
352810,MACAUBAL,2025-05-01,10
352850,MAIRIPORA,2025-05-01,264
352880,MARACAI,2025-05-01,74
352900,MARILIA,2025-05-01,2691
352920,MARTINOPOLIS,2025-05-01,220
352930,MATAO,2025-05-01,553
352940,MAUA,2025-05-01,1245
352970,MIGUELOPOLIS,2025-05-01,82
353010,MIRANDOPOLIS,2025-05-01,341
353030,MIRASSOL,2025-05-01,183
353050,MOCOCA,2025-05-01,482
353060,MOGI DAS CRUZES,2025-05-01,3303
353070,MOGI GUACU,2025-05-01,891
353080,MOGI MIRIM,2025-05-01,469
353110,MONGAGUA,2025-05-01,107
353130,MONTE ALTO,2025-05-01,254
353140,MONTE APRAZIVEL,2025-05-01,217
353150,MONTE AZUL PAULISTA,2025-05-01,185
353180,MONTE MOR,2025-05-01,117
353190,MORRO AGUDO,2025-05-01,183
353200,MORUNGABA,2025-05-01,18
353240,NAZARE PAULISTA,2025-05-01,52
353250,NEVES PAULISTA,2025-05-01,3
353260,NHANDEARA,2025-05-01,237
353290,NOVA EUROPA,2025-05-01,38
353300,NOVA GRANADA,2025-05-01,200
353340,NOVA ODESSA,2025-05-01,133
353350,NOVO HORIZONTE,2025-05-01,246
353390,OLIMPIA,2025-05-01,369
353430,ORLANDIA,2025-05-01,212
353440,OSASCO,2025-05-01,2542
353460,OSVALDO CRUZ,2025-05-01,263
353470,OURINHOS,2025-05-01,992
353475,OUROESTE,2025-05-01,72
353520,PALMEIRA D'OESTE,2025-05-01,53
353530,PALMITAL,2025-05-01,194
353550,PARAGUACU PAULISTA,2025-05-01,597
353580,PARANAPANEMA,2025-05-01,83
353600,PARAPUA,2025-05-01,0
353620,PARIQUERA-ACU,2025-05-01,886
353630,PATROCINIO PAULISTA,2025-05-01,91
353650,PAULINIA,2025-05-01,499
353660,PAULO DE FARIA,2025-05-01,16
353670,PEDERNEIRAS,2025-05-01,196
353700,PEDREGULHO,2025-05-01,123
353710,PEDREIRA,2025-05-01,90
353730,PENAPOLIS,2025-05-01,500
353740,PEREIRA BARRETO,2025-05-01,79
353780,PIEDADE,2025-05-01,249
353790,PILAR DO SUL,2025-05-01,60
353800,PINDAMONHANGABA,2025-05-01,530
353860,PIRACAIA,2025-05-01,55
353870,PIRACICABA,2025-05-01,3023
353880,PIRAJU,2025-05-01,214
353890,PIRAJUI,2025-05-01,183
353900,PIRANGI,2025-05-01,121
353930,PIRASSUNUNGA,2025-05-01,268
353940,PIRATININGA,2025-05-01,45
353950,PITANGUEIRAS,2025-05-01,153
354000,POMPEIA,2025-05-01,71
354020,PONTAL,2025-05-01,131
354040,POPULINA,2025-05-01,18
354060,PORTO FELIZ,2025-05-01,175
354070,PORTO FERREIRA,2025-05-01,304
354080,POTIRENDABA,2025-05-01,103
354100,PRAIA GRANDE,2025-05-01,874
354120,PRESIDENTE BERNARDES,2025-05-01,127
354130,PRESIDENTE EPITACIO,2025-05-01,265
354140,PRESIDENTE PRUDENTE,2025-05-01,3888
354150,PRESIDENTE VENCESLAU,2025-05-01,258
354160,PROMISSAO,2025-05-01,328
354190,QUELUZ,2025-05-01,22
354220,RANCHARIA,2025-05-01,342
354240,REGENTE FEIJO,2025-05-01,158
354260,REGISTRO,2025-05-01,986
354290,RIBEIRAO BONITO,2025-05-01,39
354300,RIBEIRAO BRANCO,2025-05-01,21
354330,RIBEIRAO PIRES,2025-05-01,156
354340,RIBEIRAO PRETO,2025-05-01,7352
354380,RINOPOLIS,2025-05-01,28
354390,RIO CLARO,2025-05-01,902
354400,RIO DAS PEDRAS,2025-05-01,77
354420,RIOLANDIA,2025-05-01,22
354425,ROSANA,2025-05-01,312
354490,SALES OLIVEIRA,2025-05-01,26
354500,SALESOPOLIS,2025-05-01,4
354520,SALTO,2025-05-01,448
354530,SALTO DE PIRAPORA,2025-05-01,251
354540,SALTO GRANDE,2025-05-01,58
354560,SANTA ADELIA,2025-05-01,110
354580,SANTA BARBARA D'OESTE,2025-05-01,661
354630,SANTA CRUZ DAS PALMEIRAS,2025-05-01,127
354640,SANTA CRUZ DO RIO PARDO,2025-05-01,394
354660,SANTA FE DO SUL,2025-05-01,339
354680,SANTA ISABEL,2025-05-01,188
354730,SANTANA DE PARNAIBA,2025-05-01,286
354750,SANTA RITA DO PASSA QUATRO,2025-05-01,173
354760,SANTA ROSA DE VITERBO,2025-05-01,68
354770,SANTO ANASTACIO,2025-05-01,198
354780,SANTO ANDRE,2025-05-01,3740
354790,SANTO ANTONIO DA ALEGRIA,2025-05-01,15
354850,SANTOS,2025-05-01,3051
354860,SAO BENTO DO SAPUCAI,2025-05-01,30
354870,SAO BERNARDO DO CAMPO,2025-05-01,4051
354880,SAO CAETANO DO SUL,2025-05-01,1126
354890,SAO CARLOS,2025-05-01,1747
354910,SAO JOAO DA BOA VISTA,2025-05-01,634
354940,SAO JOAQUIM DA BARRA,2025-05-01,310
354970,SAO JOSE DO RIO PARDO,2025-05-01,397
354980,SAO JOSE DO RIO PRETO,2025-05-01,7984
354990,SAO JOSE DOS CAMPOS,2025-05-01,4860
355000,SAO LUIS DO PARAITINGA,2025-05-01,12
355010,SAO MANUEL,2025-05-01,177
355020,SAO MIGUEL ARCANJO,2025-05-01,90
355030,SAO PAULO,2025-05-01,65739
355040,SAO PEDRO,2025-05-01,336
355060,SAO ROQUE,2025-05-01,275
355070,SAO SEBASTIAO,2025-05-01,465
355080,SAO SEBASTIAO DA GRAMA,2025-05-01,47
355090,SAO SIMAO,2025-05-01,41
355100,SAO VICENTE,2025-05-01,897
355150,SERRANA,2025-05-01,370
355160,SERRA NEGRA,2025-05-01,170
355170,SERTAOZINHO,2025-05-01,562
355200,SILVEIRAS,2025-05-01,4
355210,SOCORRO,2025-05-01,302
355220,SOROCABA,2025-05-01,5818
355230,SUD MENNUCCI,2025-05-01,16
355240,SUMARE,2025-05-01,1125
355250,SUZANO,2025-05-01,863
355260,TABAPUA,2025-05-01,69
355270,TABATINGA,2025-05-01,99
355280,TABOAO DA SERRA,2025-05-01,1812
355300,TAGUAI,2025-05-01,71
355330,TAMBAU,2025-05-01,110
355340,TANABI,2025-05-01,129
355360,TAPIRATIBA,2025-05-01,27
355370,TAQUARITINGA,2025-05-01,430
355380,TAQUARITUBA,2025-05-01,173
355400,TATUI,2025-05-01,417
355410,TAUBATE,2025-05-01,2121
355430,TEODORO SAMPAIO,2025-05-01,94
355440,TERRA ROXA,2025-05-01,0
355450,TIETE,2025-05-01,201
355470,TORRINHA,2025-05-01,8
355500,TUPA,2025-05-01,778
355510,TUPI PAULISTA,2025-05-01,125
355540,UBATUBA,2025-05-01,457
355580,URANIA,2025-05-01,32
355600,URUPES,2025-05-01,83
355620,VALINHOS,2025-05-01,403
355630,VALPARAISO,2025-05-01,92
355640,VARGEM GRANDE DO SUL,2025-05-01,189
355650,VARZEA PAULISTA,2025-05-01,74
355670,VINHEDO,2025-05-01,577
355680,VIRADOURO,2025-05-01,30
355700,VOTORANTIM,2025-05-01,351
355710,VOTUPORANGA,2025-05-01,1062
355720,CHAVANTES,2025-05-01,74
350010,ADAMANTINA,2025-06-01,451
350030,AGUAI,2025-06-01,60
350050,AGUAS DE LINDOIA,2025-06-01,81
350070,AGUDOS,2025-06-01,114
350100,ALTINOPOLIS,2025-06-01,176
350110,ALTO ALEGRE,2025-06-01,10
350130,ALVARES MACHADO,2025-06-01,59
350160,AMERICANA,2025-06-01,800
350170,AMERICO BRASILIENSE,2025-06-01,516
350190,AMPARO,2025-06-01,421
350210,ANDRADINA,2025-06-01,269
350220,ANGATUBA,2025-06-01,201
350250,APARECIDA,2025-06-01,502
350260,APARECIDA D'OESTE,2025-06-01,9
350270,APIAI,2025-06-01,288
350280,ARACATUBA,2025-06-01,1054
350310,ARANDU,2025-06-01,7
350320,ARARAQUARA,2025-06-01,1507
350330,ARARAS,2025-06-01,605
350340,AREALVA,2025-06-01,31
350390,ARUJA,2025-06-01,0
350400,ASSIS,2025-06-01,943
350410,ATIBAIA,2025-06-01,409
350420,AURIFLAMA,2025-06-01,197
350450,AVARE,2025-06-01,681
350520,BARIRI,2025-06-01,158
350530,BARRA BONITA,2025-06-01,210
350550,BARRETOS,2025-06-01,2682
350570,BARUERI,2025-06-01,3165
350580,BASTOS,2025-06-01,116
350590,BATATAIS,2025-06-01,368
350600,BAURU,2025-06-01,3162
350610,BEBEDOURO,2025-06-01,689
350630,BERNARDINO DE CAMPOS,2025-06-01,63
350635,BERTIOGA,2025-06-01,274
350640,BILAC,2025-06-01,16
350650,BIRIGUI,2025-06-01,402
350670,BOA ESPERANCA DO SUL,2025-06-01,3
350680,BOCAINA,2025-06-01,13
350700,BOITUVA,2025-06-01,197
350710,BOM JESUS DOS PERDOES,2025-06-01,24
350740,BORBOREMA,2025-06-01,73
350750,BOTUCATU,2025-06-01,2423
350760,BRAGANCA PAULISTA,2025-06-01,1473
350790,BROTAS,2025-06-01,80
350810,BURITAMA,2025-06-01,101
350840,CABREUVA,2025-06-01,93
350850,CACAPAVA,2025-06-01,293
350870,CACONDE,2025-06-01,109
350880,CAFELANDIA,2025-06-01,89
350900,CAIEIRAS,2025-06-01,358
350920,CAJAMAR,2025-06-01,303
350930,CAJOBI,2025-06-01,63
350940,CAJURU,2025-06-01,301
350950,CAMPINAS,2025-06-01,7098
350960,CAMPO LIMPO PAULISTA,2025-06-01,291
350970,CAMPOS DO JORDAO,2025-06-01,223
351000,CANDIDO MOTA,2025-06-01,204
351020,CAPAO BONITO,2025-06-01,270
351040,CAPIVARI,2025-06-01,185
351050,CARAGUATATUBA,2025-06-01,1918
351060,CARAPICUIBA,2025-06-01,1453
351070,CARDOSO,2025-06-01,44
351080,CASA BRANCA,2025-06-01,200
351100,CASTILHO,2025-06-01,95
351110,CATANDUVA,2025-06-01,1540
351140,CERQUEIRA CESAR,2025-06-01,166
351150,CERQUILHO,2025-06-01,138
351160,CESARIO LANGE,2025-06-01,58
351170,CHARQUEADA,2025-06-01,27
351190,CLEMENTINA,2025-06-01,34
351200,COLINA,2025-06-01,83
351210,COLOMBIA,2025-06-01,0
351220,CONCHAL,2025-06-01,208
351230,CONCHAS,2025-06-01,32
351280,COSMOPOLIS,2025-06-01,153
351300,COTIA,2025-06-01,1187
351310,CRAVINHOS,2025-06-01,31
351340,CRUZEIRO,2025-06-01,530
351350,CUBATAO,2025-06-01,576
351360,CUNHA,2025-06-01,140
351370,DESCALVADO,2025-06-01,127
351380,DIADEMA,2025-06-01,1951
351390,DIVINOLANDIA,2025-06-01,398
351410,DOIS CORREGOS,2025-06-01,110
351440,DRACENA,2025-06-01,290
351450,DUARTINA,2025-06-01,128
351500,EMBU DAS ARTES,2025-06-01,259
351510,EMBU-GUACU,2025-06-01,98
351518,ESPIRITO SANTO DO PINHAL,2025-06-01,347
351520,ESTRELA D'OESTE,2025-06-01,68
351540,FARTURA,2025-06-01,78
351550,FERNANDOPOLIS,2025-06-01,534
351570,FERRAZ DE VASCONCELOS,2025-06-01,564
351600,FLORIDA PAULISTA,2025-06-01,75
351620,FRANCA,2025-06-01,1972
351630,FRANCISCO MORATO,2025-06-01,999
351640,FRANCO DA ROCHA,2025-06-01,726
351660,GALIA,2025-06-01,13
351670,GARCA,2025-06-01,265
351690,GENERAL SALGADO,2025-06-01,39
351700,GETULINA,2025-06-01,40
351740,GUAIRA,2025-06-01,299
351760,GUAPIARA,2025-06-01,27
351770,GUARA,2025-06-01,78
351780,GUARACAI,2025-06-01,36
351820,GUARARAPES,2025-06-01,151
351830,GUARAREMA,2025-06-01,99
351840,GUARATINGUETA,2025-06-01,586
351860,GUARIBA,2025-06-01,134
351870,GUARUJA,2025-06-01,1168
351880,GUARULHOS,2025-06-01,4450
351900,HERCULANDIA,2025-06-01,56
351907,HORTOLANDIA,2025-06-01,438
351910,IACANGA,2025-06-01,78
351930,IBATE,2025-06-01,104
351940,IBIRA,2025-06-01,27
351960,IBITINGA,2025-06-01,478
351970,IBIUNA,2025-06-01,346
351990,IEPE,2025-06-01,63
352010,IGARAPAVA,2025-06-01,134
352040,ILHABELA,2025-06-01,276
352044,ILHA SOLTEIRA,2025-06-01,209
352050,INDAIATUBA,2025-06-01,1825
352070,INDIAPORA,2025-06-01,29
352090,IPAUSSU,2025-06-01,71
352130,IPUA,2025-06-01,87
352170,ITABERA,2025-06-01,119
352180,ITAI,2025-06-01,111
352190,ITAJOBI,2025-06-01,83
352210,ITANHAEM,2025-06-01,840
352220,ITAPECERICA DA SERRA,2025-06-01,1425
352230,ITAPETININGA,2025-06-01,887
352240,ITAPEVA,2025-06-01,878
352250,ITAPEVI,2025-06-01,1356
352260,ITAPIRA,2025-06-01,569
352270,ITAPOLIS,2025-06-01,297
352280,ITAPORANGA,2025-06-01,108
352290,ITAPUI,2025-06-01,0
352310,ITAQUAQUECETUBA,2025-06-01,1156
352320,ITARARE,2025-06-01,302
352340,ITATIBA,2025-06-01,490
352350,ITATINGA,2025-06-01,23
352360,ITIRAPINA,2025-06-01,17
352390,ITU,2025-06-01,762
352400,ITUPEVA,2025-06-01,191
352410,ITUVERAVA,2025-06-01,308
352420,JABORANDI,2025-06-01,3
352430,JABOTICABAL,2025-06-01,166
352440,JACAREI,2025-06-01,1183
352450,JACI,2025-06-01,53
352470,JAGUARIUNA,2025-06-01,404
352480,JALES,2025-06-01,717
352520,JARINU,2025-06-01,43
352530,JAU,2025-06-01,2308
352550,JOANOPOLIS,2025-06-01,17
352570,JOSE BONIFACIO,2025-06-01,180
352590,JUNDIAI,2025-06-01,3584
352600,JUNQUEIROPOLIS,2025-06-01,101
352640,LARANJAL PAULISTA,2025-06-01,123
352670,LEME,2025-06-01,507
352680,LENCOIS PAULISTA,2025-06-01,214
352690,LIMEIRA,2025-06-01,1341
352710,LINS,2025-06-01,612
352720,LORENA,2025-06-01,405
352730,LOUVEIRA,2025-06-01,226
352740,LUCELIA,2025-06-01,52
352800,MACATUBA,2025-06-01,97
352810,MACAUBAL,2025-06-01,13
352850,MAIRIPORA,2025-06-01,260
352880,MARACAI,2025-06-01,84
352900,MARILIA,2025-06-01,2564
352920,MARTINOPOLIS,2025-06-01,216
352930,MATAO,2025-06-01,539
352940,MAUA,2025-06-01,1083
352970,MIGUELOPOLIS,2025-06-01,111
353010,MIRANDOPOLIS,2025-06-01,241
353030,MIRASSOL,2025-06-01,162
353050,MOCOCA,2025-06-01,452
353060,MOGI DAS CRUZES,2025-06-01,3058
353070,MOGI GUACU,2025-06-01,874
353080,MOGI MIRIM,2025-06-01,532
353110,MONGAGUA,2025-06-01,134
353130,MONTE ALTO,2025-06-01,219
353140,MONTE APRAZIVEL,2025-06-01,185
353150,MONTE AZUL PAULISTA,2025-06-01,131
353180,MONTE MOR,2025-06-01,91
353190,MORRO AGUDO,2025-06-01,167
353200,MORUNGABA,2025-06-01,27
353240,NAZARE PAULISTA,2025-06-01,48
353250,NEVES PAULISTA,2025-06-01,7
353260,NHANDEARA,2025-06-01,251
353290,NOVA EUROPA,2025-06-01,34
353300,NOVA GRANADA,2025-06-01,172
353340,NOVA ODESSA,2025-06-01,130
353350,NOVO HORIZONTE,2025-06-01,234
353390,OLIMPIA,2025-06-01,363
353430,ORLANDIA,2025-06-01,208
353440,OSASCO,2025-06-01,2458
353460,OSVALDO CRUZ,2025-06-01,219
353470,OURINHOS,2025-06-01,852
353475,OUROESTE,2025-06-01,53
353520,PALMEIRA D'OESTE,2025-06-01,49
353530,PALMITAL,2025-06-01,170
353550,PARAGUACU PAULISTA,2025-06-01,427
353580,PARANAPANEMA,2025-06-01,49
353600,PARAPUA,2025-06-01,0
353620,PARIQUERA-ACU,2025-06-01,809
353630,PATROCINIO PAULISTA,2025-06-01,68
353650,PAULINIA,2025-06-01,622
353660,PAULO DE FARIA,2025-06-01,13
353670,PEDERNEIRAS,2025-06-01,184
353700,PEDREGULHO,2025-06-01,129
353710,PEDREIRA,2025-06-01,88
353730,PENAPOLIS,2025-06-01,522
353740,PEREIRA BARRETO,2025-06-01,53
353780,PIEDADE,2025-06-01,282
353790,PILAR DO SUL,2025-06-01,116
353800,PINDAMONHANGABA,2025-06-01,368
353860,PIRACAIA,2025-06-01,49
353870,PIRACICABA,2025-06-01,2980
353880,PIRAJU,2025-06-01,158
353890,PIRAJUI,2025-06-01,146
353900,PIRANGI,2025-06-01,88
353930,PIRASSUNUNGA,2025-06-01,219
353940,PIRATININGA,2025-06-01,22
353950,PITANGUEIRAS,2025-06-01,143
354000,POMPEIA,2025-06-01,66
354020,PONTAL,2025-06-01,116
354040,POPULINA,2025-06-01,7
354060,PORTO FELIZ,2025-06-01,703
354070,PORTO FERREIRA,2025-06-01,232
354080,POTIRENDABA,2025-06-01,87
354100,PRAIA GRANDE,2025-06-01,832
354120,PRESIDENTE BERNARDES,2025-06-01,108
354130,PRESIDENTE EPITACIO,2025-06-01,278
354140,PRESIDENTE PRUDENTE,2025-06-01,3582
354150,PRESIDENTE VENCESLAU,2025-06-01,203
354160,PROMISSAO,2025-06-01,287
354190,QUELUZ,2025-06-01,20
354220,RANCHARIA,2025-06-01,370
354240,REGENTE FEIJO,2025-06-01,121
354260,REGISTRO,2025-06-01,831
354290,RIBEIRAO BONITO,2025-06-01,29
354300,RIBEIRAO BRANCO,2025-06-01,4
354330,RIBEIRAO PIRES,2025-06-01,140
354340,RIBEIRAO PRETO,2025-06-01,7083
354380,RINOPOLIS,2025-06-01,35
354390,RIO CLARO,2025-06-01,837
354400,RIO DAS PEDRAS,2025-06-01,82
354420,RIOLANDIA,2025-06-01,13
354425,ROSANA,2025-06-01,294
354490,SALES OLIVEIRA,2025-06-01,27
354500,SALESOPOLIS,2025-06-01,0
354520,SALTO,2025-06-01,403
354530,SALTO DE PIRAPORA,2025-06-01,159
354540,SALTO GRANDE,2025-06-01,43
354560,SANTA ADELIA,2025-06-01,101
354580,SANTA BARBARA D'OESTE,2025-06-01,912
354630,SANTA CRUZ DAS PALMEIRAS,2025-06-01,116
354640,SANTA CRUZ DO RIO PARDO,2025-06-01,354
354660,SANTA FE DO SUL,2025-06-01,335
354680,SANTA ISABEL,2025-06-01,185
354730,SANTANA DE PARNAIBA,2025-06-01,326
354750,SANTA RITA DO PASSA QUATRO,2025-06-01,140
354760,SANTA ROSA DE VITERBO,2025-06-01,74
354770,SANTO ANASTACIO,2025-06-01,179
354780,SANTO ANDRE,2025-06-01,3835
354790,SANTO ANTONIO DA ALEGRIA,2025-06-01,16
354850,SANTOS,2025-06-01,2816
354860,SAO BENTO DO SAPUCAI,2025-06-01,64
354870,SAO BERNARDO DO CAMPO,2025-06-01,3968
354880,SAO CAETANO DO SUL,2025-06-01,1032
354890,SAO CARLOS,2025-06-01,1592
354910,SAO JOAO DA BOA VISTA,2025-06-01,486
354940,SAO JOAQUIM DA BARRA,2025-06-01,352
354970,SAO JOSE DO RIO PARDO,2025-06-01,400
354980,SAO JOSE DO RIO PRETO,2025-06-01,7096
354990,SAO JOSE DOS CAMPOS,2025-06-01,5152
355000,SAO LUIS DO PARAITINGA,2025-06-01,24
355010,SAO MANUEL,2025-06-01,169
355020,SAO MIGUEL ARCANJO,2025-06-01,203
355030,SAO PAULO,2025-06-01,63893
355040,SAO PEDRO,2025-06-01,351
355060,SAO ROQUE,2025-06-01,289
355070,SAO SEBASTIAO,2025-06-01,575
355080,SAO SEBASTIAO DA GRAMA,2025-06-01,38
355090,SAO SIMAO,2025-06-01,37
355100,SAO VICENTE,2025-06-01,883
355150,SERRANA,2025-06-01,319
355160,SERRA NEGRA,2025-06-01,155
355170,SERTAOZINHO,2025-06-01,503
355200,SILVEIRAS,2025-06-01,5
355210,SOCORRO,2025-06-01,277
355220,SOROCABA,2025-06-01,5018
355230,SUD MENNUCCI,2025-06-01,28
355240,SUMARE,2025-06-01,1160
355250,SUZANO,2025-06-01,749
355260,TABAPUA,2025-06-01,59
355270,TABATINGA,2025-06-01,74
355280,TABOAO DA SERRA,2025-06-01,1769
355300,TAGUAI,2025-06-01,68
355330,TAMBAU,2025-06-01,104
355340,TANABI,2025-06-01,86
355360,TAPIRATIBA,2025-06-01,27
355370,TAQUARITINGA,2025-06-01,397
355380,TAQUARITUBA,2025-06-01,177
355400,TATUI,2025-06-01,431
355410,TAUBATE,2025-06-01,1878
355430,TEODORO SAMPAIO,2025-06-01,112
355440,TERRA ROXA,2025-06-01,3
355450,TIETE,2025-06-01,204
355470,TORRINHA,2025-06-01,11
355500,TUPA,2025-06-01,749
355510,TUPI PAULISTA,2025-06-01,102
355540,UBATUBA,2025-06-01,470
355580,URANIA,2025-06-01,21
355600,URUPES,2025-06-01,76
355620,VALINHOS,2025-06-01,367
355630,VALPARAISO,2025-06-01,72
355640,VARGEM GRANDE DO SUL,2025-06-01,194
355650,VARZEA PAULISTA,2025-06-01,58
355670,VINHEDO,2025-06-01,460
355680,VIRADOURO,2025-06-01,30
355700,VOTORANTIM,2025-06-01,338
355710,VOTUPORANGA,2025-06-01,985
355720,CHAVANTES,2025-06-01,103
350010,ADAMANTINA,2025-07-01,477
350030,AGUAI,2025-07-01,36
350050,AGUAS DE LINDOIA,2025-07-01,113
350070,AGUDOS,2025-07-01,100
350100,ALTINOPOLIS,2025-07-01,183
350110,ALTO ALEGRE,2025-07-01,3
350130,ALVARES MACHADO,2025-07-01,58
350160,AMERICANA,2025-07-01,959
350170,AMERICO BRASILIENSE,2025-07-01,583
350190,AMPARO,2025-07-01,418
350210,ANDRADINA,2025-07-01,330
350220,ANGATUBA,2025-07-01,153
350250,APARECIDA,2025-07-01,397
350260,APARECIDA D'OESTE,2025-07-01,6
350270,APIAI,2025-07-01,298
350280,ARACATUBA,2025-07-01,1176
350310,ARANDU,2025-07-01,8
350320,ARARAQUARA,2025-07-01,1745
350330,ARARAS,2025-07-01,602
350340,AREALVA,2025-07-01,24
350390,ARUJA,2025-07-01,0
350400,ASSIS,2025-07-01,974
350410,ATIBAIA,2025-07-01,415
350420,AURIFLAMA,2025-07-01,211
350450,AVARE,2025-07-01,733
350520,BARIRI,2025-07-01,189
350530,BARRA BONITA,2025-07-01,214
350550,BARRETOS,2025-07-01,2604
350570,BARUERI,2025-07-01,3296
350580,BASTOS,2025-07-01,122
350590,BATATAIS,2025-07-01,331
350600,BAURU,2025-07-01,3442
350610,BEBEDOURO,2025-07-01,786
350630,BERNARDINO DE CAMPOS,2025-07-01,62
350635,BERTIOGA,2025-07-01,284
350640,BILAC,2025-07-01,19
350650,BIRIGUI,2025-07-01,417
350670,BOA ESPERANCA DO SUL,2025-07-01,12
350680,BOCAINA,2025-07-01,15
350700,BOITUVA,2025-07-01,207
350710,BOM JESUS DOS PERDOES,2025-07-01,21
350740,BORBOREMA,2025-07-01,64
350750,BOTUCATU,2025-07-01,2518
350760,BRAGANCA PAULISTA,2025-07-01,1656
350790,BROTAS,2025-07-01,71
350810,BURITAMA,2025-07-01,115
350840,CABREUVA,2025-07-01,64
350850,CACAPAVA,2025-07-01,305
350870,CACONDE,2025-07-01,186
350880,CAFELANDIA,2025-07-01,95
350900,CAIEIRAS,2025-07-01,426
350920,CAJAMAR,2025-07-01,233
350930,CAJOBI,2025-07-01,49
350940,CAJURU,2025-07-01,290
350950,CAMPINAS,2025-07-01,7881
350960,CAMPO LIMPO PAULISTA,2025-07-01,362
350970,CAMPOS DO JORDAO,2025-07-01,240
351000,CANDIDO MOTA,2025-07-01,232
351020,CAPAO BONITO,2025-07-01,260
351040,CAPIVARI,2025-07-01,234
351050,CARAGUATATUBA,2025-07-01,1879
351060,CARAPICUIBA,2025-07-01,1486
351070,CARDOSO,2025-07-01,37
351080,CASA BRANCA,2025-07-01,230
351100,CASTILHO,2025-07-01,78
351110,CATANDUVA,2025-07-01,1576
351140,CERQUEIRA CESAR,2025-07-01,149
351150,CERQUILHO,2025-07-01,28
351160,CESARIO LANGE,2025-07-01,45
351170,CHARQUEADA,2025-07-01,36
351190,CLEMENTINA,2025-07-01,25
351200,COLINA,2025-07-01,97
351210,COLOMBIA,2025-07-01,6
351220,CONCHAL,2025-07-01,192
351230,CONCHAS,2025-07-01,36
351280,COSMOPOLIS,2025-07-01,138
351300,COTIA,2025-07-01,1104
351310,CRAVINHOS,2025-07-01,33
351340,CRUZEIRO,2025-07-01,454
351350,CUBATAO,2025-07-01,558
351360,CUNHA,2025-07-01,122
351370,DESCALVADO,2025-07-01,154
351380,DIADEMA,2025-07-01,2029
351390,DIVINOLANDIA,2025-07-01,466
351410,DOIS CORREGOS,2025-07-01,130
351440,DRACENA,2025-07-01,290
351450,DUARTINA,2025-07-01,142
351500,EMBU DAS ARTES,2025-07-01,318
351510,EMBU-GUACU,2025-07-01,100
351518,ESPIRITO SANTO DO PINHAL,2025-07-01,353
351520,ESTRELA D'OESTE,2025-07-01,75
351540,FARTURA,2025-07-01,75
351550,FERNANDOPOLIS,2025-07-01,601
351570,FERRAZ DE VASCONCELOS,2025-07-01,782
351600,FLORIDA PAULISTA,2025-07-01,76
351620,FRANCA,2025-07-01,2054
351630,FRANCISCO MORATO,2025-07-01,1009
351640,FRANCO DA ROCHA,2025-07-01,747
351660,GALIA,2025-07-01,19
351670,GARCA,2025-07-01,265
351690,GENERAL SALGADO,2025-07-01,44
351700,GETULINA,2025-07-01,39
351740,GUAIRA,2025-07-01,308
351760,GUAPIARA,2025-07-01,19
351770,GUARA,2025-07-01,79
351780,GUARACAI,2025-07-01,49
351820,GUARARAPES,2025-07-01,141
351830,GUARAREMA,2025-07-01,116
351840,GUARATINGUETA,2025-07-01,631
351860,GUARIBA,2025-07-01,116
351870,GUARUJA,2025-07-01,1161
351880,GUARULHOS,2025-07-01,5118
351900,HERCULANDIA,2025-07-01,68
351907,HORTOLANDIA,2025-07-01,468
351910,IACANGA,2025-07-01,77
351930,IBATE,2025-07-01,86
351940,IBIRA,2025-07-01,34
351960,IBITINGA,2025-07-01,478
351970,IBIUNA,2025-07-01,349
351990,IEPE,2025-07-01,76
352010,IGARAPAVA,2025-07-01,129
352040,ILHABELA,2025-07-01,296
352044,ILHA SOLTEIRA,2025-07-01,264
352050,INDAIATUBA,2025-07-01,1950
352070,INDIAPORA,2025-07-01,33
352090,IPAUSSU,2025-07-01,62
352130,IPUA,2025-07-01,104
352170,ITABERA,2025-07-01,102
352180,ITAI,2025-07-01,84
352190,ITAJOBI,2025-07-01,73
352210,ITANHAEM,2025-07-01,877
352220,ITAPECERICA DA SERRA,2025-07-01,1518
352230,ITAPETININGA,2025-07-01,945
352240,ITAPEVA,2025-07-01,874
352250,ITAPEVI,2025-07-01,1463
352260,ITAPIRA,2025-07-01,553
352270,ITAPOLIS,2025-07-01,288
352280,ITAPORANGA,2025-07-01,111
352290,ITAPUI,2025-07-01,12
352310,ITAQUAQUECETUBA,2025-07-01,1278
352320,ITARARE,2025-07-01,366
352340,ITATIBA,2025-07-01,553
352350,ITATINGA,2025-07-01,27
352360,ITIRAPINA,2025-07-01,13
352390,ITU,2025-07-01,764
352400,ITUPEVA,2025-07-01,204
352410,ITUVERAVA,2025-07-01,342
352420,JABORANDI,2025-07-01,3
352430,JABOTICABAL,2025-07-01,181
352440,JACAREI,2025-07-01,1206
352450,JACI,2025-07-01,64
352470,JAGUARIUNA,2025-07-01,390
352480,JALES,2025-07-01,801
352520,JARINU,2025-07-01,56
352530,JAU,2025-07-01,2299
352550,JOANOPOLIS,2025-07-01,12
352570,JOSE BONIFACIO,2025-07-01,184
352590,JUNDIAI,2025-07-01,3689
352600,JUNQUEIROPOLIS,2025-07-01,98
352640,LARANJAL PAULISTA,2025-07-01,136
352670,LEME,2025-07-01,456
352680,LENCOIS PAULISTA,2025-07-01,235
352690,LIMEIRA,2025-07-01,1454
352710,LINS,2025-07-01,663
352720,LORENA,2025-07-01,431
352730,LOUVEIRA,2025-07-01,222
352740,LUCELIA,2025-07-01,57
352800,MACATUBA,2025-07-01,65
352810,MACAUBAL,2025-07-01,11
352850,MAIRIPORA,2025-07-01,222
352880,MARACAI,2025-07-01,105
352900,MARILIA,2025-07-01,2642
352920,MARTINOPOLIS,2025-07-01,253
352930,MATAO,2025-07-01,530
352940,MAUA,2025-07-01,1193
352970,MIGUELOPOLIS,2025-07-01,126
353010,MIRANDOPOLIS,2025-07-01,219
353030,MIRASSOL,2025-07-01,189
353050,MOCOCA,2025-07-01,456
353060,MOGI DAS CRUZES,2025-07-01,3505
353070,MOGI GUACU,2025-07-01,875
353080,MOGI MIRIM,2025-07-01,469
353110,MONGAGUA,2025-07-01,104
353130,MONTE ALTO,2025-07-01,225
353140,MONTE APRAZIVEL,2025-07-01,229
353150,MONTE AZUL PAULISTA,2025-07-01,133
353180,MONTE MOR,2025-07-01,118
353190,MORRO AGUDO,2025-07-01,150
353200,MORUNGABA,2025-07-01,32
353240,NAZARE PAULISTA,2025-07-01,43
353250,NEVES PAULISTA,2025-07-01,5
353260,NHANDEARA,2025-07-01,213
353290,NOVA EUROPA,2025-07-01,12
353300,NOVA GRANADA,2025-07-01,168
353340,NOVA ODESSA,2025-07-01,134
353350,NOVO HORIZONTE,2025-07-01,203
353390,OLIMPIA,2025-07-01,337
353430,ORLANDIA,2025-07-01,195
353440,OSASCO,2025-07-01,2459
353460,OSVALDO CRUZ,2025-07-01,226
353470,OURINHOS,2025-07-01,850
353475,OUROESTE,2025-07-01,52
353520,PALMEIRA D'OESTE,2025-07-01,52
353530,PALMITAL,2025-07-01,163
353550,PARAGUACU PAULISTA,2025-07-01,449
353580,PARANAPANEMA,2025-07-01,75
353600,PARAPUA,2025-07-01,0
353620,PARIQUERA-ACU,2025-07-01,756
353630,PATROCINIO PAULISTA,2025-07-01,68
353650,PAULINIA,2025-07-01,317
353660,PAULO DE FARIA,2025-07-01,8
353670,PEDERNEIRAS,2025-07-01,156
353700,PEDREGULHO,2025-07-01,82
353710,PEDREIRA,2025-07-01,88
353730,PENAPOLIS,2025-07-01,499
353740,PEREIRA BARRETO,2025-07-01,75
353780,PIEDADE,2025-07-01,216
353790,PILAR DO SUL,2025-07-01,78
353800,PINDAMONHANGABA,2025-07-01,444
353860,PIRACAIA,2025-07-01,41
353870,PIRACICABA,2025-07-01,2991
353880,PIRAJU,2025-07-01,179
353890,PIRAJUI,2025-07-01,158
353900,PIRANGI,2025-07-01,102
353930,PIRASSUNUNGA,2025-07-01,238
353940,PIRATININGA,2025-07-01,42
353950,PITANGUEIRAS,2025-07-01,118
354000,POMPEIA,2025-07-01,74
354020,PONTAL,2025-07-01,123
354040,POPULINA,2025-07-01,18
354060,PORTO FELIZ,2025-07-01,472
354070,PORTO FERREIRA,2025-07-01,169
354080,POTIRENDABA,2025-07-01,70
354100,PRAIA GRANDE,2025-07-01,772
354120,PRESIDENTE BERNARDES,2025-07-01,121
354130,PRESIDENTE EPITACIO,2025-07-01,298
354140,PRESIDENTE PRUDENTE,2025-07-01,3676
354150,PRESIDENTE VENCESLAU,2025-07-01,189
354160,PROMISSAO,2025-07-01,278
354190,QUELUZ,2025-07-01,11
354220,RANCHARIA,2025-07-01,377
354240,REGENTE FEIJO,2025-07-01,79
354260,REGISTRO,2025-07-01,915
354290,RIBEIRAO BONITO,2025-07-01,31
354300,RIBEIRAO BRANCO,2025-07-01,117
354330,RIBEIRAO PIRES,2025-07-01,134
354340,RIBEIRAO PRETO,2025-07-01,7874
354380,RINOPOLIS,2025-07-01,22
354390,RIO CLARO,2025-07-01,879
354400,RIO DAS PEDRAS,2025-07-01,78
354420,RIOLANDIA,2025-07-01,21
354425,ROSANA,2025-07-01,255
354490,SALES OLIVEIRA,2025-07-01,28
354500,SALESOPOLIS,2025-07-01,31
354520,SALTO,2025-07-01,580
354530,SALTO DE PIRAPORA,2025-07-01,237
354540,SALTO GRANDE,2025-07-01,50
354560,SANTA ADELIA,2025-07-01,93
354580,SANTA BARBARA D'OESTE,2025-07-01,825
354630,SANTA CRUZ DAS PALMEIRAS,2025-07-01,112
354640,SANTA CRUZ DO RIO PARDO,2025-07-01,421
354660,SANTA FE DO SUL,2025-07-01,294
354680,SANTA ISABEL,2025-07-01,155
354730,SANTANA DE PARNAIBA,2025-07-01,370
354750,SANTA RITA DO PASSA QUATRO,2025-07-01,154
354760,SANTA ROSA DE VITERBO,2025-07-01,60
354770,SANTO ANASTACIO,2025-07-01,178
354780,SANTO ANDRE,2025-07-01,4102
354790,SANTO ANTONIO DA ALEGRIA,2025-07-01,9
354850,SANTOS,2025-07-01,3046
354860,SAO BENTO DO SAPUCAI,2025-07-01,63
354870,SAO BERNARDO DO CAMPO,2025-07-01,3673
354880,SAO CAETANO DO SUL,2025-07-01,1240
354890,SAO CARLOS,2025-07-01,1859
354910,SAO JOAO DA BOA VISTA,2025-07-01,608
354940,SAO JOAQUIM DA BARRA,2025-07-01,375
354970,SAO JOSE DO RIO PARDO,2025-07-01,386
354980,SAO JOSE DO RIO PRETO,2025-07-01,7696
354990,SAO JOSE DOS CAMPOS,2025-07-01,5340
355000,SAO LUIS DO PARAITINGA,2025-07-01,19
355010,SAO MANUEL,2025-07-01,173
355020,SAO MIGUEL ARCANJO,2025-07-01,133
355030,SAO PAULO,2025-07-01,65420
355040,SAO PEDRO,2025-07-01,379
355060,SAO ROQUE,2025-07-01,302
355070,SAO SEBASTIAO,2025-07-01,543
355080,SAO SEBASTIAO DA GRAMA,2025-07-01,66
355090,SAO SIMAO,2025-07-01,38
355100,SAO VICENTE,2025-07-01,1055
355150,SERRANA,2025-07-01,313
355160,SERRA NEGRA,2025-07-01,197
355170,SERTAOZINHO,2025-07-01,598
355200,SILVEIRAS,2025-07-01,3
355210,SOCORRO,2025-07-01,315
355220,SOROCABA,2025-07-01,5286
355230,SUD MENNUCCI,2025-07-01,31
355240,SUMARE,2025-07-01,1097
355250,SUZANO,2025-07-01,808
355260,TABAPUA,2025-07-01,77
355270,TABATINGA,2025-07-01,71
355280,TABOAO DA SERRA,2025-07-01,1868
355300,TAGUAI,2025-07-01,60
355330,TAMBAU,2025-07-01,118
355340,TANABI,2025-07-01,103
355360,TAPIRATIBA,2025-07-01,32
355370,TAQUARITINGA,2025-07-01,380
355380,TAQUARITUBA,2025-07-01,184
355400,TATUI,2025-07-01,446
355410,TAUBATE,2025-07-01,2145
355430,TEODORO SAMPAIO,2025-07-01,91
355440,TERRA ROXA,2025-07-01,0
355450,TIETE,2025-07-01,175
355470,TORRINHA,2025-07-01,6
355500,TUPA,2025-07-01,672
355510,TUPI PAULISTA,2025-07-01,110
355540,UBATUBA,2025-07-01,229
355580,URANIA,2025-07-01,29
355600,URUPES,2025-07-01,87
355620,VALINHOS,2025-07-01,398
355630,VALPARAISO,2025-07-01,77
355640,VARGEM GRANDE DO SUL,2025-07-01,209
355650,VARZEA PAULISTA,2025-07-01,68
355670,VINHEDO,2025-07-01,481
355680,VIRADOURO,2025-07-01,39
355700,VOTORANTIM,2025-07-01,328
355710,VOTUPORANGA,2025-07-01,983
355720,CHAVANTES,2025-07-01,98
350010,ADAMANTINA,2025-08-01,441
350030,AGUAI,2025-08-01,39
350050,AGUAS DE LINDOIA,2025-08-01,102
350070,AGUDOS,2025-08-01,101
350100,ALTINOPOLIS,2025-08-01,152
350110,ALTO ALEGRE,2025-08-01,0
350130,ALVARES MACHADO,2025-08-01,79
350160,AMERICANA,2025-08-01,923
350170,AMERICO BRASILIENSE,2025-08-01,511
350190,AMPARO,2025-08-01,416
350210,ANDRADINA,2025-08-01,314
350220,ANGATUBA,2025-08-01,163
350250,APARECIDA,2025-08-01,379
350260,APARECIDA D'OESTE,2025-08-01,8
350270,APIAI,2025-08-01,267
350280,ARACATUBA,2025-08-01,1198
350310,ARANDU,2025-08-01,11
350320,ARARAQUARA,2025-08-01,1779
350330,ARARAS,2025-08-01,596
350340,AREALVA,2025-08-01,23
350390,ARUJA,2025-08-01,0
350400,ASSIS,2025-08-01,952
350410,ATIBAIA,2025-08-01,405
350420,AURIFLAMA,2025-08-01,209
350450,AVARE,2025-08-01,695
350520,BARIRI,2025-08-01,202
350530,BARRA BONITA,2025-08-01,205
350550,BARRETOS,2025-08-01,2892
350570,BARUERI,2025-08-01,3452
350580,BASTOS,2025-08-01,96
350590,BATATAIS,2025-08-01,363
350600,BAURU,2025-08-01,3550
350610,BEBEDOURO,2025-08-01,767
350630,BERNARDINO DE CAMPOS,2025-08-01,78
350635,BERTIOGA,2025-08-01,269
350640,BILAC,2025-08-01,22
350650,BIRIGUI,2025-08-01,417
350670,BOA ESPERANCA DO SUL,2025-08-01,11
350680,BOCAINA,2025-08-01,12
350700,BOITUVA,2025-08-01,202
350710,BOM JESUS DOS PERDOES,2025-08-01,24
350740,BORBOREMA,2025-08-01,76
350750,BOTUCATU,2025-08-01,2641
350760,BRAGANCA PAULISTA,2025-08-01,1576
350790,BROTAS,2025-08-01,64
350810,BURITAMA,2025-08-01,134
350840,CABREUVA,2025-08-01,29
350850,CACAPAVA,2025-08-01,549
350870,CACONDE,2025-08-01,177
350880,CAFELANDIA,2025-08-01,88
350900,CAIEIRAS,2025-08-01,438
350920,CAJAMAR,2025-08-01,256
350930,CAJOBI,2025-08-01,50
350940,CAJURU,2025-08-01,300
350950,CAMPINAS,2025-08-01,7375
350960,CAMPO LIMPO PAULISTA,2025-08-01,307
350970,CAMPOS DO JORDAO,2025-08-01,252
351000,CANDIDO MOTA,2025-08-01,167
351020,CAPAO BONITO,2025-08-01,234
351040,CAPIVARI,2025-08-01,264
351050,CARAGUATATUBA,2025-08-01,2106
351060,CARAPICUIBA,2025-08-01,1382
351070,CARDOSO,2025-08-01,30
351080,CASA BRANCA,2025-08-01,197
351100,CASTILHO,2025-08-01,122
351110,CATANDUVA,2025-08-01,1514
351140,CERQUEIRA CESAR,2025-08-01,132
351150,CERQUILHO,2025-08-01,69
351160,CESARIO LANGE,2025-08-01,42
351170,CHARQUEADA,2025-08-01,27
351190,CLEMENTINA,2025-08-01,14
351200,COLINA,2025-08-01,84
351210,COLOMBIA,2025-08-01,3
351220,CONCHAL,2025-08-01,218
351230,CONCHAS,2025-08-01,24
351280,COSMOPOLIS,2025-08-01,179
351300,COTIA,2025-08-01,1187
351310,CRAVINHOS,2025-08-01,31
351340,CRUZEIRO,2025-08-01,485
351350,CUBATAO,2025-08-01,539
351360,CUNHA,2025-08-01,116
351370,DESCALVADO,2025-08-01,122
351380,DIADEMA,2025-08-01,2189
351390,DIVINOLANDIA,2025-08-01,422
351410,DOIS CORREGOS,2025-08-01,125
351440,DRACENA,2025-08-01,252
351450,DUARTINA,2025-08-01,152
351500,EMBU DAS ARTES,2025-08-01,431
351510,EMBU-GUACU,2025-08-01,104
351518,ESPIRITO SANTO DO PINHAL,2025-08-01,396
351520,ESTRELA D'OESTE,2025-08-01,57
351540,FARTURA,2025-08-01,81
351550,FERNANDOPOLIS,2025-08-01,575
351570,FERRAZ DE VASCONCELOS,2025-08-01,662
351600,FLORIDA PAULISTA,2025-08-01,82
351620,FRANCA,2025-08-01,2134
351630,FRANCISCO MORATO,2025-08-01,1296
351640,FRANCO DA ROCHA,2025-08-01,745
351660,GALIA,2025-08-01,10
351670,GARCA,2025-08-01,276
351690,GENERAL SALGADO,2025-08-01,49
351700,GETULINA,2025-08-01,38
351740,GUAIRA,2025-08-01,301
351760,GUAPIARA,2025-08-01,25
351770,GUARA,2025-08-01,66
351780,GUARACAI,2025-08-01,40
351820,GUARARAPES,2025-08-01,145
351830,GUARAREMA,2025-08-01,128
351840,GUARATINGUETA,2025-08-01,575
351860,GUARIBA,2025-08-01,105
351870,GUARUJA,2025-08-01,1120
351880,GUARULHOS,2025-08-01,4697
351900,HERCULANDIA,2025-08-01,80
351907,HORTOLANDIA,2025-08-01,610
351910,IACANGA,2025-08-01,73
351930,IBATE,2025-08-01,81
351940,IBIRA,2025-08-01,39
351960,IBITINGA,2025-08-01,498
351970,IBIUNA,2025-08-01,385
351990,IEPE,2025-08-01,67
352010,IGARAPAVA,2025-08-01,133
352040,ILHABELA,2025-08-01,265
352044,ILHA SOLTEIRA,2025-08-01,250
352050,INDAIATUBA,2025-08-01,1962
352070,INDIAPORA,2025-08-01,29
352090,IPAUSSU,2025-08-01,83
352130,IPUA,2025-08-01,91
352170,ITABERA,2025-08-01,73
352180,ITAI,2025-08-01,75
352190,ITAJOBI,2025-08-01,82
352210,ITANHAEM,2025-08-01,1116
352220,ITAPECERICA DA SERRA,2025-08-01,848
352230,ITAPETININGA,2025-08-01,885
352240,ITAPEVA,2025-08-01,789
352250,ITAPEVI,2025-08-01,1393
352260,ITAPIRA,2025-08-01,569
352270,ITAPOLIS,2025-08-01,293
352280,ITAPORANGA,2025-08-01,85
352290,ITAPUI,2025-08-01,0
352310,ITAQUAQUECETUBA,2025-08-01,1208
352320,ITARARE,2025-08-01,331
352340,ITATIBA,2025-08-01,618
352350,ITATINGA,2025-08-01,36
352360,ITIRAPINA,2025-08-01,8
352390,ITU,2025-08-01,776
352400,ITUPEVA,2025-08-01,180
352410,ITUVERAVA,2025-08-01,392
352420,JABORANDI,2025-08-01,3
352430,JABOTICABAL,2025-08-01,156
352440,JACAREI,2025-08-01,1332
352450,JACI,2025-08-01,59
352470,JAGUARIUNA,2025-08-01,333
352480,JALES,2025-08-01,704
352520,JARINU,2025-08-01,59
352530,JAU,2025-08-01,2167
352550,JOANOPOLIS,2025-08-01,14
352570,JOSE BONIFACIO,2025-08-01,191
352590,JUNDIAI,2025-08-01,3430
352600,JUNQUEIROPOLIS,2025-08-01,101
352640,LARANJAL PAULISTA,2025-08-01,129
352670,LEME,2025-08-01,475
352680,LENCOIS PAULISTA,2025-08-01,240
352690,LIMEIRA,2025-08-01,1373
352710,LINS,2025-08-01,608
352720,LORENA,2025-08-01,429
352730,LOUVEIRA,2025-08-01,239
352740,LUCELIA,2025-08-01,63
352800,MACATUBA,2025-08-01,68
352810,MACAUBAL,2025-08-01,8
352850,MAIRIPORA,2025-08-01,231
352880,MARACAI,2025-08-01,71
352900,MARILIA,2025-08-01,2609
352920,MARTINOPOLIS,2025-08-01,238
352930,MATAO,2025-08-01,515
352940,MAUA,2025-08-01,1177
352970,MIGUELOPOLIS,2025-08-01,123
353010,MIRANDOPOLIS,2025-08-01,366
353030,MIRASSOL,2025-08-01,182
353050,MOCOCA,2025-08-01,451
353060,MOGI DAS CRUZES,2025-08-01,3254
353070,MOGI GUACU,2025-08-01,847
353080,MOGI MIRIM,2025-08-01,426
353110,MONGAGUA,2025-08-01,92
353130,MONTE ALTO,2025-08-01,232
353140,MONTE APRAZIVEL,2025-08-01,297
353150,MONTE AZUL PAULISTA,2025-08-01,151
353180,MONTE MOR,2025-08-01,109
353190,MORRO AGUDO,2025-08-01,155
353200,MORUNGABA,2025-08-01,15
353240,NAZARE PAULISTA,2025-08-01,48
353250,NEVES PAULISTA,2025-08-01,5
353260,NHANDEARA,2025-08-01,234
353290,NOVA EUROPA,2025-08-01,34
353300,NOVA GRANADA,2025-08-01,163
353340,NOVA ODESSA,2025-08-01,158
353350,NOVO HORIZONTE,2025-08-01,215
353390,OLIMPIA,2025-08-01,336
353430,ORLANDIA,2025-08-01,146
353440,OSASCO,2025-08-01,2347
353460,OSVALDO CRUZ,2025-08-01,208
353470,OURINHOS,2025-08-01,939
353475,OUROESTE,2025-08-01,50
353520,PALMEIRA D'OESTE,2025-08-01,57
353530,PALMITAL,2025-08-01,188
353550,PARAGUACU PAULISTA,2025-08-01,436
353580,PARANAPANEMA,2025-08-01,75
353600,PARAPUA,2025-08-01,0
353620,PARIQUERA-ACU,2025-08-01,821
353630,PATROCINIO PAULISTA,2025-08-01,81
353650,PAULINIA,2025-08-01,397
353660,PAULO DE FARIA,2025-08-01,11
353670,PEDERNEIRAS,2025-08-01,190
353700,PEDREGULHO,2025-08-01,106
353710,PEDREIRA,2025-08-01,100
353730,PENAPOLIS,2025-08-01,480
353740,PEREIRA BARRETO,2025-08-01,62
353780,PIEDADE,2025-08-01,284
353790,PILAR DO SUL,2025-08-01,89
353800,PINDAMONHANGABA,2025-08-01,512
353860,PIRACAIA,2025-08-01,40
353870,PIRACICABA,2025-08-01,3070
353880,PIRAJU,2025-08-01,170
353890,PIRAJUI,2025-08-01,138
353900,PIRANGI,2025-08-01,128
353930,PIRASSUNUNGA,2025-08-01,207
353940,PIRATININGA,2025-08-01,24
353950,PITANGUEIRAS,2025-08-01,131
354000,POMPEIA,2025-08-01,72
354020,PONTAL,2025-08-01,111
354040,POPULINA,2025-08-01,10
354060,PORTO FELIZ,2025-08-01,472
354070,PORTO FERREIRA,2025-08-01,189
354080,POTIRENDABA,2025-08-01,110
354100,PRAIA GRANDE,2025-08-01,769
354120,PRESIDENTE BERNARDES,2025-08-01,92
354130,PRESIDENTE EPITACIO,2025-08-01,268
354140,PRESIDENTE PRUDENTE,2025-08-01,3802
354150,PRESIDENTE VENCESLAU,2025-08-01,164
354160,PROMISSAO,2025-08-01,408
354190,QUELUZ,2025-08-01,22
354220,RANCHARIA,2025-08-01,375
354240,REGENTE FEIJO,2025-08-01,76
354260,REGISTRO,2025-08-01,843
354290,RIBEIRAO BONITO,2025-08-01,28
354300,RIBEIRAO BRANCO,2025-08-01,24
354330,RIBEIRAO PIRES,2025-08-01,132
354340,RIBEIRAO PRETO,2025-08-01,8159
354380,RINOPOLIS,2025-08-01,28
354390,RIO CLARO,2025-08-01,1049
354400,RIO DAS PEDRAS,2025-08-01,84
354420,RIOLANDIA,2025-08-01,30
354425,ROSANA,2025-08-01,255
354490,SALES OLIVEIRA,2025-08-01,29
354500,SALESOPOLIS,2025-08-01,23
354520,SALTO,2025-08-01,586
354530,SALTO DE PIRAPORA,2025-08-01,255
354540,SALTO GRANDE,2025-08-01,66
354560,SANTA ADELIA,2025-08-01,81
354580,SANTA BARBARA D'OESTE,2025-08-01,813
354630,SANTA CRUZ DAS PALMEIRAS,2025-08-01,99
354640,SANTA CRUZ DO RIO PARDO,2025-08-01,352
354660,SANTA FE DO SUL,2025-08-01,336
354680,SANTA ISABEL,2025-08-01,199
354730,SANTANA DE PARNAIBA,2025-08-01,405
354750,SANTA RITA DO PASSA QUATRO,2025-08-01,140
354760,SANTA ROSA DE VITERBO,2025-08-01,93
354770,SANTO ANASTACIO,2025-08-01,144
354780,SANTO ANDRE,2025-08-01,3872
354790,SANTO ANTONIO DA ALEGRIA,2025-08-01,16
354850,SANTOS,2025-08-01,2694
354860,SAO BENTO DO SAPUCAI,2025-08-01,53
354870,SAO BERNARDO DO CAMPO,2025-08-01,3210
354880,SAO CAETANO DO SUL,2025-08-01,1232
354890,SAO CARLOS,2025-08-01,1688
354910,SAO JOAO DA BOA VISTA,2025-08-01,566
354940,SAO JOAQUIM DA BARRA,2025-08-01,369
354970,SAO JOSE DO RIO PARDO,2025-08-01,357
354980,SAO JOSE DO RIO PRETO,2025-08-01,8162
354990,SAO JOSE DOS CAMPOS,2025-08-01,5162
355000,SAO LUIS DO PARAITINGA,2025-08-01,16
355010,SAO MANUEL,2025-08-01,152
355020,SAO MIGUEL ARCANJO,2025-08-01,111
355030,SAO PAULO,2025-08-01,64994
355040,SAO PEDRO,2025-08-01,452
355060,SAO ROQUE,2025-08-01,496
355070,SAO SEBASTIAO,2025-08-01,546
355080,SAO SEBASTIAO DA GRAMA,2025-08-01,47
355090,SAO SIMAO,2025-08-01,25
355100,SAO VICENTE,2025-08-01,962
355150,SERRANA,2025-08-01,347
355160,SERRA NEGRA,2025-08-01,204
355170,SERTAOZINHO,2025-08-01,563
355200,SILVEIRAS,2025-08-01,1
355210,SOCORRO,2025-08-01,384
355220,SOROCABA,2025-08-01,5324
355230,SUD MENNUCCI,2025-08-01,21
355240,SUMARE,2025-08-01,1169
355250,SUZANO,2025-08-01,750
355260,TABAPUA,2025-08-01,62
355270,TABATINGA,2025-08-01,118
355280,TABOAO DA SERRA,2025-08-01,1731
355300,TAGUAI,2025-08-01,61
355330,TAMBAU,2025-08-01,119
355340,TANABI,2025-08-01,98
355360,TAPIRATIBA,2025-08-01,29
355370,TAQUARITINGA,2025-08-01,384
355380,TAQUARITUBA,2025-08-01,175
355400,TATUI,2025-08-01,390
355410,TAUBATE,2025-08-01,1851
355430,TEODORO SAMPAIO,2025-08-01,127
355440,TERRA ROXA,2025-08-01,7
355450,TIETE,2025-08-01,194
355470,TORRINHA,2025-08-01,5
355500,TUPA,2025-08-01,688
355510,TUPI PAULISTA,2025-08-01,116
355540,UBATUBA,2025-08-01,495
355580,URANIA,2025-08-01,29
355600,URUPES,2025-08-01,90
355620,VALINHOS,2025-08-01,390
355630,VALPARAISO,2025-08-01,72
355640,VARGEM GRANDE DO SUL,2025-08-01,196
355650,VARZEA PAULISTA,2025-08-01,66
355670,VINHEDO,2025-08-01,473
355680,VIRADOURO,2025-08-01,32
355700,VOTORANTIM,2025-08-01,318
355710,VOTUPORANGA,2025-08-01,972
355720,CHAVANTES,2025-08-01,103
350010,ADAMANTINA,2025-09-01,470
350030,AGUAI,2025-09-01,43
350050,AGUAS DE LINDOIA,2025-09-01,89
350070,AGUDOS,2025-09-01,107
350100,ALTINOPOLIS,2025-09-01,166
350110,ALTO ALEGRE,2025-09-01,7
350130,ALVARES MACHADO,2025-09-01,62
350160,AMERICANA,2025-09-01,832
350170,AMERICO BRASILIENSE,2025-09-01,539
350190,AMPARO,2025-09-01,330
350210,ANDRADINA,2025-09-01,263
350220,ANGATUBA,2025-09-01,172
350250,APARECIDA,2025-09-01,407
350260,APARECIDA D'OESTE,2025-09-01,6
350270,APIAI,2025-09-01,282
350280,ARACATUBA,2025-09-01,1254
350310,ARANDU,2025-09-01,12
350320,ARARAQUARA,2025-09-01,1890
350330,ARARAS,2025-09-01,607
350340,AREALVA,2025-09-01,26
350390,ARUJA,2025-09-01,0
350400,ASSIS,2025-09-01,830
350410,ATIBAIA,2025-09-01,339
350420,AURIFLAMA,2025-09-01,183
350450,AVARE,2025-09-01,648
350520,BARIRI,2025-09-01,214
350530,BARRA BONITA,2025-09-01,183
350550,BARRETOS,2025-09-01,2877
350570,BARUERI,2025-09-01,3430
350580,BASTOS,2025-09-01,80
350590,BATATAIS,2025-09-01,308
350600,BAURU,2025-09-01,3480
350610,BEBEDOURO,2025-09-01,720
350630,BERNARDINO DE CAMPOS,2025-09-01,65
350635,BERTIOGA,2025-09-01,287
350640,BILAC,2025-09-01,22
350650,BIRIGUI,2025-09-01,416
350670,BOA ESPERANCA DO SUL,2025-09-01,8
350680,BOCAINA,2025-09-01,15
350700,BOITUVA,2025-09-01,191
350710,BOM JESUS DOS PERDOES,2025-09-01,13
350740,BORBOREMA,2025-09-01,75
350750,BOTUCATU,2025-09-01,2532
350760,BRAGANCA PAULISTA,2025-09-01,1635
350790,BROTAS,2025-09-01,56
350810,BURITAMA,2025-09-01,119
350840,CABREUVA,2025-09-01,30
350850,CACAPAVA,2025-09-01,386
350870,CACONDE,2025-09-01,188
350880,CAFELANDIA,2025-09-01,71
350900,CAIEIRAS,2025-09-01,389
350920,CAJAMAR,2025-09-01,304
350930,CAJOBI,2025-09-01,47
350940,CAJURU,2025-09-01,274
350950,CAMPINAS,2025-09-01,7786
350960,CAMPO LIMPO PAULISTA,2025-09-01,317
350970,CAMPOS DO JORDAO,2025-09-01,212
351000,CANDIDO MOTA,2025-09-01,259
351020,CAPAO BONITO,2025-09-01,249
351040,CAPIVARI,2025-09-01,223
351050,CARAGUATATUBA,2025-09-01,1874
351060,CARAPICUIBA,2025-09-01,791
351070,CARDOSO,2025-09-01,46
351080,CASA BRANCA,2025-09-01,189
351100,CASTILHO,2025-09-01,92
351110,CATANDUVA,2025-09-01,1635
351140,CERQUEIRA CESAR,2025-09-01,127
351150,CERQUILHO,2025-09-01,90
351160,CESARIO LANGE,2025-09-01,46
351170,CHARQUEADA,2025-09-01,26
351190,CLEMENTINA,2025-09-01,24
351200,COLINA,2025-09-01,88
351210,COLOMBIA,2025-09-01,3
351220,CONCHAL,2025-09-01,185
351230,CONCHAS,2025-09-01,24
351280,COSMOPOLIS,2025-09-01,152
351300,COTIA,2025-09-01,768
351310,CRAVINHOS,2025-09-01,36
351340,CRUZEIRO,2025-09-01,443
351350,CUBATAO,2025-09-01,565
351360,CUNHA,2025-09-01,110
351370,DESCALVADO,2025-09-01,183
351380,DIADEMA,2025-09-01,1892
351390,DIVINOLANDIA,2025-09-01,379
351410,DOIS CORREGOS,2025-09-01,108
351440,DRACENA,2025-09-01,277
351450,DUARTINA,2025-09-01,121
351500,EMBU DAS ARTES,2025-09-01,311
351510,EMBU-GUACU,2025-09-01,107
351518,ESPIRITO SANTO DO PINHAL,2025-09-01,349
351520,ESTRELA D'OESTE,2025-09-01,69
351540,FARTURA,2025-09-01,75
351550,FERNANDOPOLIS,2025-09-01,611
351570,FERRAZ DE VASCONCELOS,2025-09-01,674
351600,FLORIDA PAULISTA,2025-09-01,76
351620,FRANCA,2025-09-01,2167
351630,FRANCISCO MORATO,2025-09-01,914
351640,FRANCO DA ROCHA,2025-09-01,649
351660,GALIA,2025-09-01,13
351670,GARCA,2025-09-01,223
351690,GENERAL SALGADO,2025-09-01,32
351700,GETULINA,2025-09-01,39
351740,GUAIRA,2025-09-01,306
351760,GUAPIARA,2025-09-01,25
351770,GUARA,2025-09-01,74
351780,GUARACAI,2025-09-01,53
351820,GUARARAPES,2025-09-01,129
351830,GUARAREMA,2025-09-01,134
351840,GUARATINGUETA,2025-09-01,530
351860,GUARIBA,2025-09-01,115
351870,GUARUJA,2025-09-01,1088
351880,GUARULHOS,2025-09-01,5011
351900,HERCULANDIA,2025-09-01,34
351907,HORTOLANDIA,2025-09-01,474
351910,IACANGA,2025-09-01,80
351930,IBATE,2025-09-01,83
351940,IBIRA,2025-09-01,33
351960,IBITINGA,2025-09-01,377
351970,IBIUNA,2025-09-01,404
351990,IEPE,2025-09-01,62
352010,IGARAPAVA,2025-09-01,132
352040,ILHABELA,2025-09-01,279
352044,ILHA SOLTEIRA,2025-09-01,262
352050,INDAIATUBA,2025-09-01,1914
352070,INDIAPORA,2025-09-01,24
352090,IPAUSSU,2025-09-01,96
352130,IPUA,2025-09-01,107
352170,ITABERA,2025-09-01,103
352180,ITAI,2025-09-01,103
352190,ITAJOBI,2025-09-01,64
352210,ITANHAEM,2025-09-01,1008
352220,ITAPECERICA DA SERRA,2025-09-01,1466
352230,ITAPETININGA,2025-09-01,857
352240,ITAPEVA,2025-09-01,728
352250,ITAPEVI,2025-09-01,1360
352260,ITAPIRA,2025-09-01,493
352270,ITAPOLIS,2025-09-01,297
352280,ITAPORANGA,2025-09-01,98
352290,ITAPUI,2025-09-01,0
352310,ITAQUAQUECETUBA,2025-09-01,1322
352320,ITARARE,2025-09-01,328
352340,ITATIBA,2025-09-01,552
352350,ITATINGA,2025-09-01,27
352360,ITIRAPINA,2025-09-01,10
352390,ITU,2025-09-01,719
352400,ITUPEVA,2025-09-01,179
352410,ITUVERAVA,2025-09-01,345
352420,JABORANDI,2025-09-01,7
352430,JABOTICABAL,2025-09-01,194
352440,JACAREI,2025-09-01,1215
352450,JACI,2025-09-01,58
352470,JAGUARIUNA,2025-09-01,319
352480,JALES,2025-09-01,719
352520,JARINU,2025-09-01,55
352530,JAU,2025-09-01,2361
352550,JOANOPOLIS,2025-09-01,16
352570,JOSE BONIFACIO,2025-09-01,193
352590,JUNDIAI,2025-09-01,3582
352600,JUNQUEIROPOLIS,2025-09-01,119
352640,LARANJAL PAULISTA,2025-09-01,115
352670,LEME,2025-09-01,442
352680,LENCOIS PAULISTA,2025-09-01,231
352690,LIMEIRA,2025-09-01,1331
352710,LINS,2025-09-01,689
352720,LORENA,2025-09-01,402
352730,LOUVEIRA,2025-09-01,205
352740,LUCELIA,2025-09-01,59
352800,MACATUBA,2025-09-01,91
352810,MACAUBAL,2025-09-01,6
352850,MAIRIPORA,2025-09-01,230
352880,MARACAI,2025-09-01,81
352900,MARILIA,2025-09-01,2774
352920,MARTINOPOLIS,2025-09-01,267
352930,MATAO,2025-09-01,612
352940,MAUA,2025-09-01,1153
352970,MIGUELOPOLIS,2025-09-01,102
353010,MIRANDOPOLIS,2025-09-01,281
353030,MIRASSOL,2025-09-01,180
353050,MOCOCA,2025-09-01,445
353060,MOGI DAS CRUZES,2025-09-01,3099
353070,MOGI GUACU,2025-09-01,938
353080,MOGI MIRIM,2025-09-01,389
353110,MONGAGUA,2025-09-01,72
353130,MONTE ALTO,2025-09-01,259
353140,MONTE APRAZIVEL,2025-09-01,344
353150,MONTE AZUL PAULISTA,2025-09-01,147
353180,MONTE MOR,2025-09-01,90
353190,MORRO AGUDO,2025-09-01,141
353200,MORUNGABA,2025-09-01,27
353240,NAZARE PAULISTA,2025-09-01,36
353250,NEVES PAULISTA,2025-09-01,5
353260,NHANDEARA,2025-09-01,221
353290,NOVA EUROPA,2025-09-01,33
353300,NOVA GRANADA,2025-09-01,163
353340,NOVA ODESSA,2025-09-01,128
353350,NOVO HORIZONTE,2025-09-01,212
353390,OLIMPIA,2025-09-01,296
353430,ORLANDIA,2025-09-01,266
353440,OSASCO,2025-09-01,2242
353460,OSVALDO CRUZ,2025-09-01,222
353470,OURINHOS,2025-09-01,919
353475,OUROESTE,2025-09-01,41
353520,PALMEIRA D'OESTE,2025-09-01,71
353530,PALMITAL,2025-09-01,188
353550,PARAGUACU PAULISTA,2025-09-01,423
353580,PARANAPANEMA,2025-09-01,71
353600,PARAPUA,2025-09-01,0
353620,PARIQUERA-ACU,2025-09-01,822
353630,PATROCINIO PAULISTA,2025-09-01,68
353650,PAULINIA,2025-09-01,566
353660,PAULO DE FARIA,2025-09-01,10
353670,PEDERNEIRAS,2025-09-01,188
353700,PEDREGULHO,2025-09-01,98
353710,PEDREIRA,2025-09-01,103
353730,PENAPOLIS,2025-09-01,495
353740,PEREIRA BARRETO,2025-09-01,74
353780,PIEDADE,2025-09-01,246
353790,PILAR DO SUL,2025-09-01,97
353800,PINDAMONHANGABA,2025-09-01,554
353860,PIRACAIA,2025-09-01,40
353870,PIRACICABA,2025-09-01,3161
353880,PIRAJU,2025-09-01,153
353890,PIRAJUI,2025-09-01,99
353900,PIRANGI,2025-09-01,116
353930,PIRASSUNUNGA,2025-09-01,230
353940,PIRATININGA,2025-09-01,19
353950,PITANGUEIRAS,2025-09-01,117
354000,POMPEIA,2025-09-01,83
354020,PONTAL,2025-09-01,99
354040,POPULINA,2025-09-01,10
354060,PORTO FELIZ,2025-09-01,407
354070,PORTO FERREIRA,2025-09-01,235
354080,POTIRENDABA,2025-09-01,62
354100,PRAIA GRANDE,2025-09-01,961
354120,PRESIDENTE BERNARDES,2025-09-01,104
354130,PRESIDENTE EPITACIO,2025-09-01,232
354140,PRESIDENTE PRUDENTE,2025-09-01,3817
354150,PRESIDENTE VENCESLAU,2025-09-01,194
354160,PROMISSAO,2025-09-01,315
354190,QUELUZ,2025-09-01,20
354220,RANCHARIA,2025-09-01,371
354240,REGENTE FEIJO,2025-09-01,79
354260,REGISTRO,2025-09-01,751
354290,RIBEIRAO BONITO,2025-09-01,29
354300,RIBEIRAO BRANCO,2025-09-01,20
354330,RIBEIRAO PIRES,2025-09-01,186
354340,RIBEIRAO PRETO,2025-09-01,8315
354380,RINOPOLIS,2025-09-01,31
354390,RIO CLARO,2025-09-01,989
354400,RIO DAS PEDRAS,2025-09-01,81
354420,RIOLANDIA,2025-09-01,16
354425,ROSANA,2025-09-01,321
354490,SALES OLIVEIRA,2025-09-01,25
354500,SALESOPOLIS,2025-09-01,34
354520,SALTO,2025-09-01,603
354530,SALTO DE PIRAPORA,2025-09-01,271
354540,SALTO GRANDE,2025-09-01,69
354560,SANTA ADELIA,2025-09-01,98
354580,SANTA BARBARA D'OESTE,2025-09-01,744
354630,SANTA CRUZ DAS PALMEIRAS,2025-09-01,94
354640,SANTA CRUZ DO RIO PARDO,2025-09-01,375
354660,SANTA FE DO SUL,2025-09-01,293
354680,SANTA ISABEL,2025-09-01,178
354730,SANTANA DE PARNAIBA,2025-09-01,343
354750,SANTA RITA DO PASSA QUATRO,2025-09-01,126
354760,SANTA ROSA DE VITERBO,2025-09-01,88
354770,SANTO ANASTACIO,2025-09-01,185
354780,SANTO ANDRE,2025-09-01,3918
354790,SANTO ANTONIO DA ALEGRIA,2025-09-01,13
354850,SANTOS,2025-09-01,3047
354860,SAO BENTO DO SAPUCAI,2025-09-01,43
354870,SAO BERNARDO DO CAMPO,2025-09-01,3597
354880,SAO CAETANO DO SUL,2025-09-01,1369
354890,SAO CARLOS,2025-09-01,1669
354910,SAO JOAO DA BOA VISTA,2025-09-01,553
354940,SAO JOAQUIM DA BARRA,2025-09-01,340
354970,SAO JOSE DO RIO PARDO,2025-09-01,342
354980,SAO JOSE DO RIO PRETO,2025-09-01,8459
354990,SAO JOSE DOS CAMPOS,2025-09-01,4992
355000,SAO LUIS DO PARAITINGA,2025-09-01,16
355010,SAO MANUEL,2025-09-01,153
355020,SAO MIGUEL ARCANJO,2025-09-01,98
355030,SAO PAULO,2025-09-01,63707
355040,SAO PEDRO,2025-09-01,373
355060,SAO ROQUE,2025-09-01,481
355070,SAO SEBASTIAO,2025-09-01,499
355080,SAO SEBASTIAO DA GRAMA,2025-09-01,44
355090,SAO SIMAO,2025-09-01,23
355100,SAO VICENTE,2025-09-01,911
355150,SERRANA,2025-09-01,301
355160,SERRA NEGRA,2025-09-01,225
355170,SERTAOZINHO,2025-09-01,549
355200,SILVEIRAS,2025-09-01,0
355210,SOCORRO,2025-09-01,294
355220,SOROCABA,2025-09-01,5456
355230,SUD MENNUCCI,2025-09-01,16
355240,SUMARE,2025-09-01,1135
355250,SUZANO,2025-09-01,747
355260,TABAPUA,2025-09-01,82
355270,TABATINGA,2025-09-01,62
355280,TABOAO DA SERRA,2025-09-01,1932
355300,TAGUAI,2025-09-01,49
355330,TAMBAU,2025-09-01,90
355340,TANABI,2025-09-01,134
355360,TAPIRATIBA,2025-09-01,35
355370,TAQUARITINGA,2025-09-01,371
355380,TAQUARITUBA,2025-09-01,150
355400,TATUI,2025-09-01,407
355410,TAUBATE,2025-09-01,1934
355430,TEODORO SAMPAIO,2025-09-01,104
355440,TERRA ROXA,2025-09-01,0
355450,TIETE,2025-09-01,192
355470,TORRINHA,2025-09-01,4
355500,TUPA,2025-09-01,648
355510,TUPI PAULISTA,2025-09-01,119
355540,UBATUBA,2025-09-01,451
355580,URANIA,2025-09-01,28
355600,URUPES,2025-09-01,79
355620,VALINHOS,2025-09-01,382
355630,VALPARAISO,2025-09-01,71
355640,VARGEM GRANDE DO SUL,2025-09-01,170
355650,VARZEA PAULISTA,2025-09-01,51
355670,VINHEDO,2025-09-01,505
355680,VIRADOURO,2025-09-01,33
355700,VOTORANTIM,2025-09-01,300
355710,VOTUPORANGA,2025-09-01,1041
355720,CHAVANTES,2025-09-01,94
350010,ADAMANTINA,2025-10-01,485
350030,AGUAI,2025-10-01,25
350050,AGUAS DE LINDOIA,2025-10-01,107
350070,AGUDOS,2025-10-01,101
350100,ALTINOPOLIS,2025-10-01,195
350110,ALTO ALEGRE,2025-10-01,5
350130,ALVARES MACHADO,2025-10-01,62
350160,AMERICANA,2025-10-01,801
350170,AMERICO BRASILIENSE,2025-10-01,680
350190,AMPARO,2025-10-01,414
350210,ANDRADINA,2025-10-01,251
350220,ANGATUBA,2025-10-01,137
350250,APARECIDA,2025-10-01,436
350260,APARECIDA D'OESTE,2025-10-01,3
350270,APIAI,2025-10-01,292
350280,ARACATUBA,2025-10-01,1236
350310,ARANDU,2025-10-01,10
350320,ARARAQUARA,2025-10-01,1803
350330,ARARAS,2025-10-01,689
350340,AREALVA,2025-10-01,19
350390,ARUJA,2025-10-01,0
350400,ASSIS,2025-10-01,994
350410,ATIBAIA,2025-10-01,336
350420,AURIFLAMA,2025-10-01,211
350450,AVARE,2025-10-01,579
350520,BARIRI,2025-10-01,213
350530,BARRA BONITA,2025-10-01,184
350550,BARRETOS,2025-10-01,2633
350570,BARUERI,2025-10-01,3659
350580,BASTOS,2025-10-01,83
350590,BATATAIS,2025-10-01,310
350600,BAURU,2025-10-01,3808
350610,BEBEDOURO,2025-10-01,786
350630,BERNARDINO DE CAMPOS,2025-10-01,72
350635,BERTIOGA,2025-10-01,316
350640,BILAC,2025-10-01,23
350650,BIRIGUI,2025-10-01,416
350670,BOA ESPERANCA DO SUL,2025-10-01,8
350680,BOCAINA,2025-10-01,16
350700,BOITUVA,2025-10-01,193
350710,BOM JESUS DOS PERDOES,2025-10-01,14
350740,BORBOREMA,2025-10-01,66
350750,BOTUCATU,2025-10-01,2651
350760,BRAGANCA PAULISTA,2025-10-01,1522
350790,BROTAS,2025-10-01,49
350810,BURITAMA,2025-10-01,152
350840,CABREUVA,2025-10-01,0
350850,CACAPAVA,2025-10-01,301
350870,CACONDE,2025-10-01,165
350880,CAFELANDIA,2025-10-01,60
350900,CAIEIRAS,2025-10-01,402
350920,CAJAMAR,2025-10-01,250
350930,CAJOBI,2025-10-01,42
350940,CAJURU,2025-10-01,278
350950,CAMPINAS,2025-10-01,7808
350960,CAMPO LIMPO PAULISTA,2025-10-01,344
350970,CAMPOS DO JORDAO,2025-10-01,236
351000,CANDIDO MOTA,2025-10-01,201
351020,CAPAO BONITO,2025-10-01,258
351040,CAPIVARI,2025-10-01,316
351050,CARAGUATATUBA,2025-10-01,2170
351060,CARAPICUIBA,2025-10-01,1667
351070,CARDOSO,2025-10-01,35
351080,CASA BRANCA,2025-10-01,226
351100,CASTILHO,2025-10-01,121
351110,CATANDUVA,2025-10-01,1579
351140,CERQUEIRA CESAR,2025-10-01,147
351150,CERQUILHO,2025-10-01,51
351160,CESARIO LANGE,2025-10-01,50
351170,CHARQUEADA,2025-10-01,18
351190,CLEMENTINA,2025-10-01,27
351200,COLINA,2025-10-01,114
351210,COLOMBIA,2025-10-01,1
351220,CONCHAL,2025-10-01,318
351230,CONCHAS,2025-10-01,21
351280,COSMOPOLIS,2025-10-01,140
351300,COTIA,2025-10-01,1413
351310,CRAVINHOS,2025-10-01,32
351340,CRUZEIRO,2025-10-01,482
351350,CUBATAO,2025-10-01,575
351360,CUNHA,2025-10-01,129
351370,DESCALVADO,2025-10-01,145
351380,DIADEMA,2025-10-01,1870
351390,DIVINOLANDIA,2025-10-01,429
351410,DOIS CORREGOS,2025-10-01,79
351440,DRACENA,2025-10-01,250
351450,DUARTINA,2025-10-01,136
351500,EMBU DAS ARTES,2025-10-01,275
351510,EMBU-GUACU,2025-10-01,100
351518,ESPIRITO SANTO DO PINHAL,2025-10-01,394
351520,ESTRELA D'OESTE,2025-10-01,68
351540,FARTURA,2025-10-01,110
351550,FERNANDOPOLIS,2025-10-01,541
351570,FERRAZ DE VASCONCELOS,2025-10-01,938
351600,FLORIDA PAULISTA,2025-10-01,82
351620,FRANCA,2025-10-01,2223
351630,FRANCISCO MORATO,2025-10-01,1358
351640,FRANCO DA ROCHA,2025-10-01,712
351660,GALIA,2025-10-01,12
351670,GARCA,2025-10-01,233
351690,GENERAL SALGADO,2025-10-01,31
351700,GETULINA,2025-10-01,32
351740,GUAIRA,2025-10-01,274
351760,GUAPIARA,2025-10-01,32
351770,GUARA,2025-10-01,77
351780,GUARACAI,2025-10-01,42
351820,GUARARAPES,2025-10-01,155
351830,GUARAREMA,2025-10-01,124
351840,GUARATINGUETA,2025-10-01,532
351860,GUARIBA,2025-10-01,121
351870,GUARUJA,2025-10-01,1147
351880,GUARULHOS,2025-10-01,5297
351900,HERCULANDIA,2025-10-01,62
351907,HORTOLANDIA,2025-10-01,460
351910,IACANGA,2025-10-01,47
351930,IBATE,2025-10-01,74
351940,IBIRA,2025-10-01,30
351960,IBITINGA,2025-10-01,389
351970,IBIUNA,2025-10-01,401
351990,IEPE,2025-10-01,63
352010,IGARAPAVA,2025-10-01,138
352040,ILHABELA,2025-10-01,259
352044,ILHA SOLTEIRA,2025-10-01,281
352050,INDAIATUBA,2025-10-01,1990
352070,INDIAPORA,2025-10-01,42
352090,IPAUSSU,2025-10-01,61
352130,IPUA,2025-10-01,89
352170,ITABERA,2025-10-01,118
352180,ITAI,2025-10-01,89
352190,ITAJOBI,2025-10-01,48
352210,ITANHAEM,2025-10-01,1019
352220,ITAPECERICA DA SERRA,2025-10-01,2175
352230,ITAPETININGA,2025-10-01,859
352240,ITAPEVA,2025-10-01,907
352250,ITAPEVI,2025-10-01,1337
352260,ITAPIRA,2025-10-01,517
352270,ITAPOLIS,2025-10-01,284
352280,ITAPORANGA,2025-10-01,97
352290,ITAPUI,2025-10-01,0
352310,ITAQUAQUECETUBA,2025-10-01,1213
352320,ITARARE,2025-10-01,348
352340,ITATIBA,2025-10-01,581
352350,ITATINGA,2025-10-01,27
352360,ITIRAPINA,2025-10-01,12
352390,ITU,2025-10-01,694
352400,ITUPEVA,2025-10-01,181
352410,ITUVERAVA,2025-10-01,356
352420,JABORANDI,2025-10-01,7
352430,JABOTICABAL,2025-10-01,182
352440,JACAREI,2025-10-01,1311
352450,JACI,2025-10-01,59
352470,JAGUARIUNA,2025-10-01,330
352480,JALES,2025-10-01,735
352520,JARINU,2025-10-01,49
352530,JAU,2025-10-01,2481
352550,JOANOPOLIS,2025-10-01,16
352570,JOSE BONIFACIO,2025-10-01,201
352590,JUNDIAI,2025-10-01,3468
352600,JUNQUEIROPOLIS,2025-10-01,116
352640,LARANJAL PAULISTA,2025-10-01,119
352670,LEME,2025-10-01,472
352680,LENCOIS PAULISTA,2025-10-01,274
352690,LIMEIRA,2025-10-01,1469
352710,LINS,2025-10-01,724
352720,LORENA,2025-10-01,386
352730,LOUVEIRA,2025-10-01,208
352740,LUCELIA,2025-10-01,47
352800,MACATUBA,2025-10-01,76
352810,MACAUBAL,2025-10-01,8
352850,MAIRIPORA,2025-10-01,251
352880,MARACAI,2025-10-01,73
352900,MARILIA,2025-10-01,2743
352920,MARTINOPOLIS,2025-10-01,246
352930,MATAO,2025-10-01,519
352940,MAUA,2025-10-01,1112
352970,MIGUELOPOLIS,2025-10-01,104
353010,MIRANDOPOLIS,2025-10-01,318
353030,MIRASSOL,2025-10-01,59
353050,MOCOCA,2025-10-01,447
353060,MOGI DAS CRUZES,2025-10-01,2855
353070,MOGI GUACU,2025-10-01,835
353080,MOGI MIRIM,2025-10-01,423
353110,MONGAGUA,2025-10-01,81
353130,MONTE ALTO,2025-10-01,215
353140,MONTE APRAZIVEL,2025-10-01,308
353150,MONTE AZUL PAULISTA,2025-10-01,130
353180,MONTE MOR,2025-10-01,84
353190,MORRO AGUDO,2025-10-01,145
353200,MORUNGABA,2025-10-01,19
353240,NAZARE PAULISTA,2025-10-01,38
353250,NEVES PAULISTA,2025-10-01,6
353260,NHANDEARA,2025-10-01,235
353290,NOVA EUROPA,2025-10-01,28
353300,NOVA GRANADA,2025-10-01,178
353340,NOVA ODESSA,2025-10-01,128
353350,NOVO HORIZONTE,2025-10-01,170
353390,OLIMPIA,2025-10-01,303
353430,ORLANDIA,2025-10-01,293
353440,OSASCO,2025-10-01,2330
353460,OSVALDO CRUZ,2025-10-01,232
353470,OURINHOS,2025-10-01,896
353475,OUROESTE,2025-10-01,57
353520,PALMEIRA D'OESTE,2025-10-01,83
353530,PALMITAL,2025-10-01,152
353550,PARAGUACU PAULISTA,2025-10-01,667
353580,PARANAPANEMA,2025-10-01,67
353600,PARAPUA,2025-10-01,42
353620,PARIQUERA-ACU,2025-10-01,754
353630,PATROCINIO PAULISTA,2025-10-01,104
353650,PAULINIA,2025-10-01,374
353660,PAULO DE FARIA,2025-10-01,4
353670,PEDERNEIRAS,2025-10-01,93
353700,PEDREGULHO,2025-10-01,88
353710,PEDREIRA,2025-10-01,89
353730,PENAPOLIS,2025-10-01,505
353740,PEREIRA BARRETO,2025-10-01,77
353780,PIEDADE,2025-10-01,254
353790,PILAR DO SUL,2025-10-01,90
353800,PINDAMONHANGABA,2025-10-01,725
353860,PIRACAIA,2025-10-01,37
353870,PIRACICABA,2025-10-01,3189
353880,PIRAJU,2025-10-01,164
353890,PIRAJUI,2025-10-01,85
353900,PIRANGI,2025-10-01,149
353930,PIRASSUNUNGA,2025-10-01,234
353940,PIRATININGA,2025-10-01,21
353950,PITANGUEIRAS,2025-10-01,114
354000,POMPEIA,2025-10-01,66
354020,PONTAL,2025-10-01,77
354040,POPULINA,2025-10-01,12
354060,PORTO FELIZ,2025-10-01,375
354070,PORTO FERREIRA,2025-10-01,257
354080,POTIRENDABA,2025-10-01,65
354100,PRAIA GRANDE,2025-10-01,1035
354120,PRESIDENTE BERNARDES,2025-10-01,96
354130,PRESIDENTE EPITACIO,2025-10-01,213
354140,PRESIDENTE PRUDENTE,2025-10-01,3777
354150,PRESIDENTE VENCESLAU,2025-10-01,184
354160,PROMISSAO,2025-10-01,333
354190,QUELUZ,2025-10-01,16
354220,RANCHARIA,2025-10-01,402
354240,REGENTE FEIJO,2025-10-01,111
354260,REGISTRO,2025-10-01,812
354290,RIBEIRAO BONITO,2025-10-01,37
354300,RIBEIRAO BRANCO,2025-10-01,5
354330,RIBEIRAO PIRES,2025-10-01,160
354340,RIBEIRAO PRETO,2025-10-01,8448
354380,RINOPOLIS,2025-10-01,19
354390,RIO CLARO,2025-10-01,978
354400,RIO DAS PEDRAS,2025-10-01,78
354420,RIOLANDIA,2025-10-01,19
354425,ROSANA,2025-10-01,249
354490,SALES OLIVEIRA,2025-10-01,19
354500,SALESOPOLIS,2025-10-01,41
354520,SALTO,2025-10-01,600
354530,SALTO DE PIRAPORA,2025-10-01,269
354540,SALTO GRANDE,2025-10-01,63
354560,SANTA ADELIA,2025-10-01,104
354580,SANTA BARBARA D'OESTE,2025-10-01,823
354630,SANTA CRUZ DAS PALMEIRAS,2025-10-01,117
354640,SANTA CRUZ DO RIO PARDO,2025-10-01,350
354660,SANTA FE DO SUL,2025-10-01,287
354680,SANTA ISABEL,2025-10-01,172
354730,SANTANA DE PARNAIBA,2025-10-01,324
354750,SANTA RITA DO PASSA QUATRO,2025-10-01,150
354760,SANTA ROSA DE VITERBO,2025-10-01,73
354770,SANTO ANASTACIO,2025-10-01,171
354780,SANTO ANDRE,2025-10-01,3614
354790,SANTO ANTONIO DA ALEGRIA,2025-10-01,18
354850,SANTOS,2025-10-01,2846
354860,SAO BENTO DO SAPUCAI,2025-10-01,44
354870,SAO BERNARDO DO CAMPO,2025-10-01,3560
354880,SAO CAETANO DO SUL,2025-10-01,1255
354890,SAO CARLOS,2025-10-01,1864
354910,SAO JOAO DA BOA VISTA,2025-10-01,546
354940,SAO JOAQUIM DA BARRA,2025-10-01,323
354970,SAO JOSE DO RIO PARDO,2025-10-01,419
354980,SAO JOSE DO RIO PRETO,2025-10-01,8170
354990,SAO JOSE DOS CAMPOS,2025-10-01,5000
355000,SAO LUIS DO PARAITINGA,2025-10-01,18
355010,SAO MANUEL,2025-10-01,154
355020,SAO MIGUEL ARCANJO,2025-10-01,92
355030,SAO PAULO,2025-10-01,65482
355040,SAO PEDRO,2025-10-01,386
355060,SAO ROQUE,2025-10-01,443
355070,SAO SEBASTIAO,2025-10-01,520
355080,SAO SEBASTIAO DA GRAMA,2025-10-01,47
355090,SAO SIMAO,2025-10-01,23
355100,SAO VICENTE,2025-10-01,719
355150,SERRANA,2025-10-01,356
355160,SERRA NEGRA,2025-10-01,252
355170,SERTAOZINHO,2025-10-01,620
355200,SILVEIRAS,2025-10-01,2
355210,SOCORRO,2025-10-01,244
355220,SOROCABA,2025-10-01,5267
355230,SUD MENNUCCI,2025-10-01,12
355240,SUMARE,2025-10-01,1062
355250,SUZANO,2025-10-01,773
355260,TABAPUA,2025-10-01,73
355270,TABATINGA,2025-10-01,74
355280,TABOAO DA SERRA,2025-10-01,1733
355300,TAGUAI,2025-10-01,49
355330,TAMBAU,2025-10-01,91
355340,TANABI,2025-10-01,144
355360,TAPIRATIBA,2025-10-01,28
355370,TAQUARITINGA,2025-10-01,351
355380,TAQUARITUBA,2025-10-01,191
355400,TATUI,2025-10-01,436
355410,TAUBATE,2025-10-01,2090
355430,TEODORO SAMPAIO,2025-10-01,97
355440,TERRA ROXA,2025-10-01,8
355450,TIETE,2025-10-01,203
355470,TORRINHA,2025-10-01,8
355500,TUPA,2025-10-01,709
355510,TUPI PAULISTA,2025-10-01,109
355540,UBATUBA,2025-10-01,446
355580,URANIA,2025-10-01,24
355600,URUPES,2025-10-01,90
355620,VALINHOS,2025-10-01,429
355630,VALPARAISO,2025-10-01,72
355640,VARGEM GRANDE DO SUL,2025-10-01,174
355650,VARZEA PAULISTA,2025-10-01,57
355670,VINHEDO,2025-10-01,507
355680,VIRADOURO,2025-10-01,30
355700,VOTORANTIM,2025-10-01,469
355710,VOTUPORANGA,2025-10-01,1038
355720,CHAVANTES,2025-10-01,100
350010,ADAMANTINA,2025-11-01,420
350030,AGUAI,2025-11-01,25
350050,AGUAS DE LINDOIA,2025-11-01,101
350070,AGUDOS,2025-11-01,83
350100,ALTINOPOLIS,2025-11-01,144
350110,ALTO ALEGRE,2025-11-01,1
350130,ALVARES MACHADO,2025-11-01,61
350160,AMERICANA,2025-11-01,698
350170,AMERICO BRASILIENSE,2025-11-01,597
350190,AMPARO,2025-11-01,386
350210,ANDRADINA,2025-11-01,278
350220,ANGATUBA,2025-11-01,134
350250,APARECIDA,2025-11-01,594
350260,APARECIDA D'OESTE,2025-11-01,5
350270,APIAI,2025-11-01,299
350280,ARACATUBA,2025-11-01,982
350310,ARANDU,2025-11-01,9
350320,ARARAQUARA,2025-11-01,1973
350330,ARARAS,2025-11-01,647
350340,AREALVA,2025-11-01,17
350390,ARUJA,2025-11-01,0
350400,ASSIS,2025-11-01,852
350410,ATIBAIA,2025-11-01,379
350420,AURIFLAMA,2025-11-01,215
350450,AVARE,2025-11-01,600
350520,BARIRI,2025-11-01,153
350530,BARRA BONITA,2025-11-01,161
350550,BARRETOS,2025-11-01,2930
350570,BARUERI,2025-11-01,3215
350580,BASTOS,2025-11-01,91
350590,BATATAIS,2025-11-01,275
350600,BAURU,2025-11-01,3637
350610,BEBEDOURO,2025-11-01,704
350630,BERNARDINO DE CAMPOS,2025-11-01,59
350635,BERTIOGA,2025-11-01,300
350640,BILAC,2025-11-01,15
350650,BIRIGUI,2025-11-01,416
350670,BOA ESPERANCA DO SUL,2025-11-01,17
350680,BOCAINA,2025-11-01,10
350700,BOITUVA,2025-11-01,160
350710,BOM JESUS DOS PERDOES,2025-11-01,16
350740,BORBOREMA,2025-11-01,83
350750,BOTUCATU,2025-11-01,2629
350760,BRAGANCA PAULISTA,2025-11-01,1449
350790,BROTAS,2025-11-01,43
350810,BURITAMA,2025-11-01,109
350840,CABREUVA,2025-11-01,94
350850,CACAPAVA,2025-11-01,326
350870,CACONDE,2025-11-01,173
350880,CAFELANDIA,2025-11-01,78
350900,CAIEIRAS,2025-11-01,361
350920,CAJAMAR,2025-11-01,300
350930,CAJOBI,2025-11-01,31
350940,CAJURU,2025-11-01,250
350950,CAMPINAS,2025-11-01,7443
350960,CAMPO LIMPO PAULISTA,2025-11-01,300
350970,CAMPOS DO JORDAO,2025-11-01,235
351000,CANDIDO MOTA,2025-11-01,172
351020,CAPAO BONITO,2025-11-01,229
351040,CAPIVARI,2025-11-01,186
351050,CARAGUATATUBA,2025-11-01,1973
351060,CARAPICUIBA,2025-11-01,1325
351070,CARDOSO,2025-11-01,39
351080,CASA BRANCA,2025-11-01,190
351100,CASTILHO,2025-11-01,84
351110,CATANDUVA,2025-11-01,1259
351140,CERQUEIRA CESAR,2025-11-01,106
351150,CERQUILHO,2025-11-01,151
351160,CESARIO LANGE,2025-11-01,55
351170,CHARQUEADA,2025-11-01,27
351190,CLEMENTINA,2025-11-01,16
351200,COLINA,2025-11-01,72
351210,COLOMBIA,2025-11-01,6
351220,CONCHAL,2025-11-01,333
351230,CONCHAS,2025-11-01,20
351280,COSMOPOLIS,2025-11-01,160
351300,COTIA,2025-11-01,1025
351310,CRAVINHOS,2025-11-01,19
351340,CRUZEIRO,2025-11-01,457
351350,CUBATAO,2025-11-01,547
351360,CUNHA,2025-11-01,105
351370,DESCALVADO,2025-11-01,150
351380,DIADEMA,2025-11-01,1790
351390,DIVINOLANDIA,2025-11-01,370
351410,DOIS CORREGOS,2025-11-01,105
351440,DRACENA,2025-11-01,264
351450,DUARTINA,2025-11-01,106
351500,EMBU DAS ARTES,2025-11-01,321
351510,EMBU-GUACU,2025-11-01,109
351518,ESPIRITO SANTO DO PINHAL,2025-11-01,391
351520,ESTRELA D'OESTE,2025-11-01,57
351540,FARTURA,2025-11-01,109
351550,FERNANDOPOLIS,2025-11-01,756
351570,FERRAZ DE VASCONCELOS,2025-11-01,807
351600,FLORIDA PAULISTA,2025-11-01,89
351620,FRANCA,2025-11-01,1998
351630,FRANCISCO MORATO,2025-11-01,1138
351640,FRANCO DA ROCHA,2025-11-01,746
351660,GALIA,2025-11-01,15
351670,GARCA,2025-11-01,211
351690,GENERAL SALGADO,2025-11-01,27
351700,GETULINA,2025-11-01,25
351740,GUAIRA,2025-11-01,285
351760,GUAPIARA,2025-11-01,29
351770,GUARA,2025-11-01,62
351780,GUARACAI,2025-11-01,41
351820,GUARARAPES,2025-11-01,121
351830,GUARAREMA,2025-11-01,104
351840,GUARATINGUETA,2025-11-01,526
351860,GUARIBA,2025-11-01,107
351870,GUARUJA,2025-11-01,1037
351880,GUARULHOS,2025-11-01,4353
351900,HERCULANDIA,2025-11-01,39
351907,HORTOLANDIA,2025-11-01,443
351910,IACANGA,2025-11-01,62
351930,IBATE,2025-11-01,78
351940,IBIRA,2025-11-01,34
351960,IBITINGA,2025-11-01,358
351970,IBIUNA,2025-11-01,334
351990,IEPE,2025-11-01,46
352010,IGARAPAVA,2025-11-01,111
352040,ILHABELA,2025-11-01,222
352044,ILHA SOLTEIRA,2025-11-01,203
352050,INDAIATUBA,2025-11-01,1872
352070,INDIAPORA,2025-11-01,28
352090,IPAUSSU,2025-11-01,44
352130,IPUA,2025-11-01,89
352170,ITABERA,2025-11-01,105
352180,ITAI,2025-11-01,69
352190,ITAJOBI,2025-11-01,48
352210,ITANHAEM,2025-11-01,956
352220,ITAPECERICA DA SERRA,2025-11-01,1356
352230,ITAPETININGA,2025-11-01,830
352240,ITAPEVA,2025-11-01,919
352250,ITAPEVI,2025-11-01,1236
352260,ITAPIRA,2025-11-01,472
352270,ITAPOLIS,2025-11-01,296
352280,ITAPORANGA,2025-11-01,79
352290,ITAPUI,2025-11-01,0
352310,ITAQUAQUECETUBA,2025-11-01,1229
352320,ITARARE,2025-11-01,330
352340,ITATIBA,2025-11-01,557
352350,ITATINGA,2025-11-01,14
352360,ITIRAPINA,2025-11-01,8
352390,ITU,2025-11-01,670
352400,ITUPEVA,2025-11-01,187
352410,ITUVERAVA,2025-11-01,278
352420,JABORANDI,2025-11-01,2
352430,JABOTICABAL,2025-11-01,184
352440,JACAREI,2025-11-01,1149
352450,JACI,2025-11-01,54
352470,JAGUARIUNA,2025-11-01,331
352480,JALES,2025-11-01,579
352520,JARINU,2025-11-01,43
352530,JAU,2025-11-01,2222
352550,JOANOPOLIS,2025-11-01,23
352570,JOSE BONIFACIO,2025-11-01,200
352590,JUNDIAI,2025-11-01,3151
352600,JUNQUEIROPOLIS,2025-11-01,84
352640,LARANJAL PAULISTA,2025-11-01,135
352670,LEME,2025-11-01,449
352680,LENCOIS PAULISTA,2025-11-01,270
352690,LIMEIRA,2025-11-01,1287
352710,LINS,2025-11-01,636
352720,LORENA,2025-11-01,313
352730,LOUVEIRA,2025-11-01,204
352740,LUCELIA,2025-11-01,57
352800,MACATUBA,2025-11-01,42
352810,MACAUBAL,2025-11-01,6
352850,MAIRIPORA,2025-11-01,224
352880,MARACAI,2025-11-01,70
352900,MARILIA,2025-11-01,2517
352920,MARTINOPOLIS,2025-11-01,268
352930,MATAO,2025-11-01,548
352940,MAUA,2025-11-01,1026
352970,MIGUELOPOLIS,2025-11-01,71
353010,MIRANDOPOLIS,2025-11-01,236
353030,MIRASSOL,2025-11-01,0
353050,MOCOCA,2025-11-01,443
353060,MOGI DAS CRUZES,2025-11-01,2924
353070,MOGI GUACU,2025-11-01,755
353080,MOGI MIRIM,2025-11-01,427
353110,MONGAGUA,2025-11-01,78
353130,MONTE ALTO,2025-11-01,177
353140,MONTE APRAZIVEL,2025-11-01,308
353150,MONTE AZUL PAULISTA,2025-11-01,123
353180,MONTE MOR,2025-11-01,107
353190,MORRO AGUDO,2025-11-01,134
353200,MORUNGABA,2025-11-01,25
353240,NAZARE PAULISTA,2025-11-01,30
353250,NEVES PAULISTA,2025-11-01,6
353260,NHANDEARA,2025-11-01,208
353290,NOVA EUROPA,2025-11-01,24
353300,NOVA GRANADA,2025-11-01,177
353340,NOVA ODESSA,2025-11-01,128
353350,NOVO HORIZONTE,2025-11-01,184
353390,OLIMPIA,2025-11-01,248
353430,ORLANDIA,2025-11-01,222
353440,OSASCO,2025-11-01,2135
353460,OSVALDO CRUZ,2025-11-01,184
353470,OURINHOS,2025-11-01,946
353475,OUROESTE,2025-11-01,41
353520,PALMEIRA D'OESTE,2025-11-01,72
353530,PALMITAL,2025-11-01,183
353550,PARAGUACU PAULISTA,2025-11-01,338
353580,PARANAPANEMA,2025-11-01,64
353600,PARAPUA,2025-11-01,19
353620,PARIQUERA-ACU,2025-11-01,782
353630,PATROCINIO PAULISTA,2025-11-01,78
353650,PAULINIA,2025-11-01,659
353660,PAULO DE FARIA,2025-11-01,13
353670,PEDERNEIRAS,2025-11-01,163
353700,PEDREGULHO,2025-11-01,92
353710,PEDREIRA,2025-11-01,102
353730,PENAPOLIS,2025-11-01,432
353740,PEREIRA BARRETO,2025-11-01,88
353780,PIEDADE,2025-11-01,231
353790,PILAR DO SUL,2025-11-01,70
353800,PINDAMONHANGABA,2025-11-01,561
353860,PIRACAIA,2025-11-01,31
353870,PIRACICABA,2025-11-01,3076
353880,PIRAJU,2025-11-01,144
353890,PIRAJUI,2025-11-01,93
353900,PIRANGI,2025-11-01,175
353930,PIRASSUNUNGA,2025-11-01,222
353940,PIRATININGA,2025-11-01,20
353950,PITANGUEIRAS,2025-11-01,98
354000,POMPEIA,2025-11-01,88
354020,PONTAL,2025-11-01,175
354040,POPULINA,2025-11-01,11
354060,PORTO FELIZ,2025-11-01,323
354070,PORTO FERREIRA,2025-11-01,197
354080,POTIRENDABA,2025-11-01,52
354100,PRAIA GRANDE,2025-11-01,943
354120,PRESIDENTE BERNARDES,2025-11-01,101
354130,PRESIDENTE EPITACIO,2025-11-01,226
354140,PRESIDENTE PRUDENTE,2025-11-01,3523
354150,PRESIDENTE VENCESLAU,2025-11-01,209
354160,PROMISSAO,2025-11-01,361
354190,QUELUZ,2025-11-01,10
354220,RANCHARIA,2025-11-01,349
354240,REGENTE FEIJO,2025-11-01,58
354260,REGISTRO,2025-11-01,505
354290,RIBEIRAO BONITO,2025-11-01,49
354300,RIBEIRAO BRANCO,2025-11-01,44
354330,RIBEIRAO PIRES,2025-11-01,177
354340,RIBEIRAO PRETO,2025-11-01,8068
354380,RINOPOLIS,2025-11-01,22
354390,RIO CLARO,2025-11-01,929
354400,RIO DAS PEDRAS,2025-11-01,77
354420,RIOLANDIA,2025-11-01,19
354425,ROSANA,2025-11-01,258
354490,SALES OLIVEIRA,2025-11-01,13
354500,SALESOPOLIS,2025-11-01,40
354520,SALTO,2025-11-01,548
354530,SALTO DE PIRAPORA,2025-11-01,240
354540,SALTO GRANDE,2025-11-01,62
354560,SANTA ADELIA,2025-11-01,85
354580,SANTA BARBARA D'OESTE,2025-11-01,674
354630,SANTA CRUZ DAS PALMEIRAS,2025-11-01,93
354640,SANTA CRUZ DO RIO PARDO,2025-11-01,335
354660,SANTA FE DO SUL,2025-11-01,278
354680,SANTA ISABEL,2025-11-01,168
354730,SANTANA DE PARNAIBA,2025-11-01,314
354750,SANTA RITA DO PASSA QUATRO,2025-11-01,143
354760,SANTA ROSA DE VITERBO,2025-11-01,84
354770,SANTO ANASTACIO,2025-11-01,167
354780,SANTO ANDRE,2025-11-01,3580
354790,SANTO ANTONIO DA ALEGRIA,2025-11-01,11
354850,SANTOS,2025-11-01,2688
354860,SAO BENTO DO SAPUCAI,2025-11-01,40
354870,SAO BERNARDO DO CAMPO,2025-11-01,3478
354880,SAO CAETANO DO SUL,2025-11-01,1251
354890,SAO CARLOS,2025-11-01,1802
354910,SAO JOAO DA BOA VISTA,2025-11-01,522
354940,SAO JOAQUIM DA BARRA,2025-11-01,308
354970,SAO JOSE DO RIO PARDO,2025-11-01,344
354980,SAO JOSE DO RIO PRETO,2025-11-01,8187
354990,SAO JOSE DOS CAMPOS,2025-11-01,4554
355000,SAO LUIS DO PARAITINGA,2025-11-01,16
355010,SAO MANUEL,2025-11-01,144
355020,SAO MIGUEL ARCANJO,2025-11-01,127
355030,SAO PAULO,2025-11-01,60994
355040,SAO PEDRO,2025-11-01,377
355060,SAO ROQUE,2025-11-01,402
355070,SAO SEBASTIAO,2025-11-01,481
355080,SAO SEBASTIAO DA GRAMA,2025-11-01,55
355090,SAO SIMAO,2025-11-01,27
355100,SAO VICENTE,2025-11-01,708
355150,SERRANA,2025-11-01,281
355160,SERRA NEGRA,2025-11-01,190
355170,SERTAOZINHO,2025-11-01,527
355200,SILVEIRAS,2025-11-01,4
355210,SOCORRO,2025-11-01,276
355220,SOROCABA,2025-11-01,5015
355230,SUD MENNUCCI,2025-11-01,13
355240,SUMARE,2025-11-01,1075
355250,SUZANO,2025-11-01,769
355260,TABAPUA,2025-11-01,67
355270,TABATINGA,2025-11-01,60
355280,TABOAO DA SERRA,2025-11-01,1481
355300,TAGUAI,2025-11-01,58
355330,TAMBAU,2025-11-01,134
355340,TANABI,2025-11-01,124
355360,TAPIRATIBA,2025-11-01,28
355370,TAQUARITINGA,2025-11-01,331
355380,TAQUARITUBA,2025-11-01,170
355400,TATUI,2025-11-01,355
355410,TAUBATE,2025-11-01,1769
355430,TEODORO SAMPAIO,2025-11-01,86
355440,TERRA ROXA,2025-11-01,5
355450,TIETE,2025-11-01,186
355470,TORRINHA,2025-11-01,8
355500,TUPA,2025-11-01,600
355510,TUPI PAULISTA,2025-11-01,106
355540,UBATUBA,2025-11-01,397
355580,URANIA,2025-11-01,33
355600,URUPES,2025-11-01,98
355620,VALINHOS,2025-11-01,402
355630,VALPARAISO,2025-11-01,74
355640,VARGEM GRANDE DO SUL,2025-11-01,173
355650,VARZEA PAULISTA,2025-11-01,70
355670,VINHEDO,2025-11-01,449
355680,VIRADOURO,2025-11-01,38
355700,VOTORANTIM,2025-11-01,354
355710,VOTUPORANGA,2025-11-01,945
355720,CHAVANTES,2025-11-01,92
350010,ADAMANTINA,2025-12-01,425
350030,AGUAI,2025-12-01,38
350050,AGUAS DE LINDOIA,2025-12-01,111
350070,AGUDOS,2025-12-01,73
350100,ALTINOPOLIS,2025-12-01,141
350110,ALTO ALEGRE,2025-12-01,0
350130,ALVARES MACHADO,2025-12-01,69
350160,AMERICANA,2025-12-01,644
350170,AMERICO BRASILIENSE,2025-12-01,366
350190,AMPARO,2025-12-01,370
350210,ANDRADINA,2025-12-01,274
350220,ANGATUBA,2025-12-01,99
350250,APARECIDA,2025-12-01,517
350260,APARECIDA D'OESTE,2025-12-01,9
350270,APIAI,2025-12-01,325
350280,ARACATUBA,2025-12-01,989
350310,ARANDU,2025-12-01,8
350320,ARARAQUARA,2025-12-01,1614
350330,ARARAS,2025-12-01,692
350340,AREALVA,2025-12-01,17
350390,ARUJA,2025-12-01,0
350400,ASSIS,2025-12-01,895
350410,ATIBAIA,2025-12-01,360
350420,AURIFLAMA,2025-12-01,278
350450,AVARE,2025-12-01,582
350520,BARIRI,2025-12-01,173
350530,BARRA BONITA,2025-12-01,163
350550,BARRETOS,2025-12-01,2687
350570,BARUERI,2025-12-01,3008
350580,BASTOS,2025-12-01,98
350590,BATATAIS,2025-12-01,301
350600,BAURU,2025-12-01,3731
350610,BEBEDOURO,2025-12-01,638
350630,BERNARDINO DE CAMPOS,2025-12-01,59
350635,BERTIOGA,2025-12-01,250
350640,BILAC,2025-12-01,17
350650,BIRIGUI,2025-12-01,417
350670,BOA ESPERANCA DO SUL,2025-12-01,16
350680,BOCAINA,2025-12-01,7
350700,BOITUVA,2025-12-01,152
350710,BOM JESUS DOS PERDOES,2025-12-01,18
350740,BORBOREMA,2025-12-01,90
350750,BOTUCATU,2025-12-01,2437
350760,BRAGANCA PAULISTA,2025-12-01,1310
350790,BROTAS,2025-12-01,52
350810,BURITAMA,2025-12-01,120
350840,CABREUVA,2025-12-01,234
350850,CACAPAVA,2025-12-01,267
350870,CACONDE,2025-12-01,124
350880,CAFELANDIA,2025-12-01,65
350900,CAIEIRAS,2025-12-01,419
350920,CAJAMAR,2025-12-01,306
350930,CAJOBI,2025-12-01,28
350940,CAJURU,2025-12-01,249
350950,CAMPINAS,2025-12-01,6507
350960,CAMPO LIMPO PAULISTA,2025-12-01,353
350970,CAMPOS DO JORDAO,2025-12-01,214
351000,CANDIDO MOTA,2025-12-01,173
351020,CAPAO BONITO,2025-12-01,267
351040,CAPIVARI,2025-12-01,206
351050,CARAGUATATUBA,2025-12-01,1788
351060,CARAPICUIBA,2025-12-01,1456
351070,CARDOSO,2025-12-01,32
351080,CASA BRANCA,2025-12-01,211
351100,CASTILHO,2025-12-01,75
351110,CATANDUVA,2025-12-01,1647
351140,CERQUEIRA CESAR,2025-12-01,126
351150,CERQUILHO,2025-12-01,99
351160,CESARIO LANGE,2025-12-01,44
351170,CHARQUEADA,2025-12-01,23
351190,CLEMENTINA,2025-12-01,14
351200,COLINA,2025-12-01,81
351210,COLOMBIA,2025-12-01,3
351220,CONCHAL,2025-12-01,233
351230,CONCHAS,2025-12-01,16
351280,COSMOPOLIS,2025-12-01,154
351300,COTIA,2025-12-01,1195
351310,CRAVINHOS,2025-12-01,15
351340,CRUZEIRO,2025-12-01,499
351350,CUBATAO,2025-12-01,583
351360,CUNHA,2025-12-01,119
351370,DESCALVADO,2025-12-01,147
351380,DIADEMA,2025-12-01,1863
351390,DIVINOLANDIA,2025-12-01,264
351410,DOIS CORREGOS,2025-12-01,119
351440,DRACENA,2025-12-01,281
351450,DUARTINA,2025-12-01,133
351500,EMBU DAS ARTES,2025-12-01,216
351510,EMBU-GUACU,2025-12-01,107
351518,ESPIRITO SANTO DO PINHAL,2025-12-01,389
351520,ESTRELA D'OESTE,2025-12-01,43
351540,FARTURA,2025-12-01,107
351550,FERNANDOPOLIS,2025-12-01,538
351570,FERRAZ DE VASCONCELOS,2025-12-01,452
351600,FLORIDA PAULISTA,2025-12-01,89
351620,FRANCA,2025-12-01,2044
351630,FRANCISCO MORATO,2025-12-01,1246
351640,FRANCO DA ROCHA,2025-12-01,701
351660,GALIA,2025-12-01,17
351670,GARCA,2025-12-01,207
351690,GENERAL SALGADO,2025-12-01,31
351700,GETULINA,2025-12-01,23
351740,GUAIRA,2025-12-01,321
351760,GUAPIARA,2025-12-01,16
351770,GUARA,2025-12-01,97
351780,GUARACAI,2025-12-01,43
351820,GUARARAPES,2025-12-01,123
351830,GUARAREMA,2025-12-01,138
351840,GUARATINGUETA,2025-12-01,441
351860,GUARIBA,2025-12-01,113
351870,GUARUJA,2025-12-01,1107
351880,GUARULHOS,2025-12-01,4371
351900,HERCULANDIA,2025-12-01,61
351907,HORTOLANDIA,2025-12-01,485
351910,IACANGA,2025-12-01,38
351930,IBATE,2025-12-01,78
351940,IBIRA,2025-12-01,33
351960,IBITINGA,2025-12-01,392
351970,IBIUNA,2025-12-01,285
351990,IEPE,2025-12-01,55
352010,IGARAPAVA,2025-12-01,107
352040,ILHABELA,2025-12-01,219
352044,ILHA SOLTEIRA,2025-12-01,218
352050,INDAIATUBA,2025-12-01,1753
352070,INDIAPORA,2025-12-01,27
352090,IPAUSSU,2025-12-01,59
352130,IPUA,2025-12-01,85
352170,ITABERA,2025-12-01,89
352180,ITAI,2025-12-01,100
352190,ITAJOBI,2025-12-01,47
352210,ITANHAEM,2025-12-01,1008
352220,ITAPECERICA DA SERRA,2025-12-01,1412
352230,ITAPETININGA,2025-12-01,819
352240,ITAPEVA,2025-12-01,788
352250,ITAPEVI,2025-12-01,1245
352260,ITAPIRA,2025-12-01,523
352270,ITAPOLIS,2025-12-01,246
352280,ITAPORANGA,2025-12-01,106
352290,ITAPUI,2025-12-01,0
352310,ITAQUAQUECETUBA,2025-12-01,1234
352320,ITARARE,2025-12-01,357
352340,ITATIBA,2025-12-01,716
352350,ITATINGA,2025-12-01,20
352360,ITIRAPINA,2025-12-01,7
352390,ITU,2025-12-01,630
352400,ITUPEVA,2025-12-01,100
352410,ITUVERAVA,2025-12-01,276
352420,JABORANDI,2025-12-01,6
352430,JABOTICABAL,2025-12-01,154
352440,JACAREI,2025-12-01,1161
352450,JACI,2025-12-01,43
352470,JAGUARIUNA,2025-12-01,288
352480,JALES,2025-12-01,806
352520,JARINU,2025-12-01,51
352530,JAU,2025-12-01,2190
352550,JOANOPOLIS,2025-12-01,23
352570,JOSE BONIFACIO,2025-12-01,195
352590,JUNDIAI,2025-12-01,2887
352600,JUNQUEIROPOLIS,2025-12-01,102
352640,LARANJAL PAULISTA,2025-12-01,142
352670,LEME,2025-12-01,472
352680,LENCOIS PAULISTA,2025-12-01,260
352690,LIMEIRA,2025-12-01,1277
352710,LINS,2025-12-01,667
352720,LORENA,2025-12-01,405
352730,LOUVEIRA,2025-12-01,232
352740,LUCELIA,2025-12-01,51
352800,MACATUBA,2025-12-01,60
352810,MACAUBAL,2025-12-01,3
352850,MAIRIPORA,2025-12-01,241
352880,MARACAI,2025-12-01,56
352900,MARILIA,2025-12-01,2578
352920,MARTINOPOLIS,2025-12-01,277
352930,MATAO,2025-12-01,481
352940,MAUA,2025-12-01,1140
352970,MIGUELOPOLIS,2025-12-01,89
353010,MIRANDOPOLIS,2025-12-01,265
353030,MIRASSOL,2025-12-01,0
353050,MOCOCA,2025-12-01,417
353060,MOGI DAS CRUZES,2025-12-01,2588
353070,MOGI GUACU,2025-12-01,751
353080,MOGI MIRIM,2025-12-01,436
353110,MONGAGUA,2025-12-01,82
353130,MONTE ALTO,2025-12-01,226
353140,MONTE APRAZIVEL,2025-12-01,275
353150,MONTE AZUL PAULISTA,2025-12-01,141
353180,MONTE MOR,2025-12-01,91
353190,MORRO AGUDO,2025-12-01,164
353200,MORUNGABA,2025-12-01,18
353240,NAZARE PAULISTA,2025-12-01,34
353250,NEVES PAULISTA,2025-12-01,7
353260,NHANDEARA,2025-12-01,248
353290,NOVA EUROPA,2025-12-01,37
353300,NOVA GRANADA,2025-12-01,160
353340,NOVA ODESSA,2025-12-01,133
353350,NOVO HORIZONTE,2025-12-01,170
353390,OLIMPIA,2025-12-01,295
353430,ORLANDIA,2025-12-01,248
353440,OSASCO,2025-12-01,1996
353460,OSVALDO CRUZ,2025-12-01,203
353470,OURINHOS,2025-12-01,922
353475,OUROESTE,2025-12-01,44
353520,PALMEIRA D'OESTE,2025-12-01,40
353530,PALMITAL,2025-12-01,169
353550,PARAGUACU PAULISTA,2025-12-01,359
353580,PARANAPANEMA,2025-12-01,51
353600,PARAPUA,2025-12-01,46
353620,PARIQUERA-ACU,2025-12-01,754
353630,PATROCINIO PAULISTA,2025-12-01,67
353650,PAULINIA,2025-12-01,767
353660,PAULO DE FARIA,2025-12-01,17
353670,PEDERNEIRAS,2025-12-01,130
353700,PEDREGULHO,2025-12-01,100
353710,PEDREIRA,2025-12-01,101
353730,PENAPOLIS,2025-12-01,555
353740,PEREIRA BARRETO,2025-12-01,112
353780,PIEDADE,2025-12-01,250
353790,PILAR DO SUL,2025-12-01,70
353800,PINDAMONHANGABA,2025-12-01,625
353860,PIRACAIA,2025-12-01,43
353870,PIRACICABA,2025-12-01,2451
353880,PIRAJU,2025-12-01,197
353890,PIRAJUI,2025-12-01,87
353900,PIRANGI,2025-12-01,115
353930,PIRASSUNUNGA,2025-12-01,221
353940,PIRATININGA,2025-12-01,22
353950,PITANGUEIRAS,2025-12-01,120
354000,POMPEIA,2025-12-01,27
354020,PONTAL,2025-12-01,132
354040,POPULINA,2025-12-01,13
354060,PORTO FELIZ,2025-12-01,287
354070,PORTO FERREIRA,2025-12-01,197
354080,POTIRENDABA,2025-12-01,56
354100,PRAIA GRANDE,2025-12-01,978
354120,PRESIDENTE BERNARDES,2025-12-01,106
354130,PRESIDENTE EPITACIO,2025-12-01,279
354140,PRESIDENTE PRUDENTE,2025-12-01,3290
354150,PRESIDENTE VENCESLAU,2025-12-01,192
354160,PROMISSAO,2025-12-01,320
354190,QUELUZ,2025-12-01,13
354220,RANCHARIA,2025-12-01,279
354240,REGENTE FEIJO,2025-12-01,32
354260,REGISTRO,2025-12-01,485
354290,RIBEIRAO BONITO,2025-12-01,35
354300,RIBEIRAO BRANCO,2025-12-01,26
354330,RIBEIRAO PIRES,2025-12-01,149
354340,RIBEIRAO PRETO,2025-12-01,7973
354380,RINOPOLIS,2025-12-01,28
354390,RIO CLARO,2025-12-01,1078
354400,RIO DAS PEDRAS,2025-12-01,25
354420,RIOLANDIA,2025-12-01,7
354425,ROSANA,2025-12-01,267
354490,SALES OLIVEIRA,2025-12-01,22
354500,SALESOPOLIS,2025-12-01,46
354520,SALTO,2025-12-01,548
354530,SALTO DE PIRAPORA,2025-12-01,206
354540,SALTO GRANDE,2025-12-01,57
354560,SANTA ADELIA,2025-12-01,62
354580,SANTA BARBARA D'OESTE,2025-12-01,633
354630,SANTA CRUZ DAS PALMEIRAS,2025-12-01,85
354640,SANTA CRUZ DO RIO PARDO,2025-12-01,331
354660,SANTA FE DO SUL,2025-12-01,282
354680,SANTA ISABEL,2025-12-01,184
354730,SANTANA DE PARNAIBA,2025-12-01,190
354750,SANTA RITA DO PASSA QUATRO,2025-12-01,107
354760,SANTA ROSA DE VITERBO,2025-12-01,93
354770,SANTO ANASTACIO,2025-12-01,179
354780,SANTO ANDRE,2025-12-01,2976
354790,SANTO ANTONIO DA ALEGRIA,2025-12-01,9
354850,SANTOS,2025-12-01,2708
354860,SAO BENTO DO SAPUCAI,2025-12-01,37
354870,SAO BERNARDO DO CAMPO,2025-12-01,2993
354880,SAO CAETANO DO SUL,2025-12-01,1052
354890,SAO CARLOS,2025-12-01,2010
354910,SAO JOAO DA BOA VISTA,2025-12-01,504
354940,SAO JOAQUIM DA BARRA,2025-12-01,284
354970,SAO JOSE DO RIO PARDO,2025-12-01,342
354980,SAO JOSE DO RIO PRETO,2025-12-01,7482
354990,SAO JOSE DOS CAMPOS,2025-12-01,4444
355000,SAO LUIS DO PARAITINGA,2025-12-01,12
355010,SAO MANUEL,2025-12-01,131
355020,SAO MIGUEL ARCANJO,2025-12-01,86
355030,SAO PAULO,2025-12-01,57008
355040,SAO PEDRO,2025-12-01,353
355060,SAO ROQUE,2025-12-01,485
355070,SAO SEBASTIAO,2025-12-01,567
355080,SAO SEBASTIAO DA GRAMA,2025-12-01,40
355090,SAO SIMAO,2025-12-01,27
355100,SAO VICENTE,2025-12-01,672
355150,SERRANA,2025-12-01,218
355160,SERRA NEGRA,2025-12-01,170
355170,SERTAOZINHO,2025-12-01,464
355200,SILVEIRAS,2025-12-01,3
355210,SOCORRO,2025-12-01,386
355220,SOROCABA,2025-12-01,5166
355230,SUD MENNUCCI,2025-12-01,18
355240,SUMARE,2025-12-01,1008
355250,SUZANO,2025-12-01,710
355260,TABAPUA,2025-12-01,86
355270,TABATINGA,2025-12-01,81
355280,TABOAO DA SERRA,2025-12-01,1436
355300,TAGUAI,2025-12-01,42
355330,TAMBAU,2025-12-01,111
355340,TANABI,2025-12-01,123
355360,TAPIRATIBA,2025-12-01,37
355370,TAQUARITINGA,2025-12-01,340
355380,TAQUARITUBA,2025-12-01,141
355400,TATUI,2025-12-01,362
355410,TAUBATE,2025-12-01,2204
355430,TEODORO SAMPAIO,2025-12-01,90
355440,TERRA ROXA,2025-12-01,2
355450,TIETE,2025-12-01,197
355470,TORRINHA,2025-12-01,0
355500,TUPA,2025-12-01,618
355510,TUPI PAULISTA,2025-12-01,103
355540,UBATUBA,2025-12-01,256
355580,URANIA,2025-12-01,23
355600,URUPES,2025-12-01,115
355620,VALINHOS,2025-12-01,378
355630,VALPARAISO,2025-12-01,76
355640,VARGEM GRANDE DO SUL,2025-12-01,212
355650,VARZEA PAULISTA,2025-12-01,55
355670,VINHEDO,2025-12-01,416
355680,VIRADOURO,2025-12-01,35
355700,VOTORANTIM,2025-12-01,346
355710,VOTUPORANGA,2025-12-01,978
355720,CHAVANTES,2025-12-01,91
